# V4.1 prompt-batch flow model: every constant ds41_prefill.py reads, one per row.
# kind: measured (a recorded run), derived (arithmetic on recorded numbers or code), assumed (no record; in the uncalibrated table).
# anchor: the backtest row a value was taken from; that row is not scored against it.
name	value	lo	hi	unit	kind	conditions	source	anchor	note
sd_same_binary	0.6	0.6	0.6	%	measured	the A/B ruler: host-CPU decode, same binary, 18 runs (0.51 = 0.6 %); A6000 between-round SD of one arm in one lease pooled 0.35 % (Qwen3.6 window, df 30) and 0.63 % (GLM, df 18) [derived]	AGENTS.md 'Know the ruler'; docs/plan.md 「비용 모델 (디코드 스텝)」 row 잡음; rig-log log/2026-09-21.md#d-the-headline-was-a-depth-zero-sentence (n = 18, SD 0.51 = 0.6 %); the A6000 pools: the runner logs of rig-log log/2026-09-28.md#q36-release and #glm-release (clean rows)		per-run SD of one arm; on the A6000 it sits at the pools' upper end, so round counts sized with it are conservative; a same-binary A6000 A/A replaces it
between_lease	4.3	1.6	4.3	%	measured	same bench binary in two leases, 2026-09-25	rig-log log/2026-09-25.md#h1fold-union ('4.3 %·1.6 % 빨랐다')		tolerance of a prediction built on another lease's constants (the larger move)
window_move	5	5	5	%	measured	same commit, CPU decode, different windows	AGENTS.md ('the same commit moves ~5 % between windows')		quoted beside between_lease; not used as a tolerance
n_sm	84	84	84	SM	measured	A6000 sm_86	docs/research/q3gemmlat-design-report.md 「F. 레버 표 (Q4)」 '점유 산수' (84 SM)		
f_sm	2.03	1.93	2.13	GHz	derived	A6000 SM clock while the prompt batch runs (afe86d5 sitting)	ncu at 1.40 GHz fixed / nsys duration ratios 1.38-1.52 (q_b 1.45) x 1.40, rig-log log/2026-09-26.md#v41-prefill-nsys		not measured: the witness line prints clocks.max.sm (2100 MHz), not the running clock; qkv's 2.15 ratio (flushed caches) excluded
bw_card	674	567	701	GB/s	measured	A6000, large launches	docs/plan.md 「비용 모델 (디코드 스텝)」 row BW(큰 런치) (567-701; engram_wkv 674)		
pcie_pinned	26.28	26.28	26.28	GB/s	measured	A6000 H2D, cuMemAllocHost, 1 GiB x 8	rig-log log/2026-09-25.md#m2-h2d-a6000		
pcie_pageable	21.16	21.16	21.16	GB/s	measured	A6000 H2D from the warm read-only mapping	rig-log log/2026-09-25.md#m2-h2d-a6000		
gemv_lat_iter	0.47	0.47	0.47	us	measured	A6000 decode nsys, small grids, m = 1	docs/plan-ledger.md 「커널 리뷰 넷」 '밀집 경로의 진단(kr-dense' (T ~ 1.16 + 0.47 iters us)		the m = 1 chain; the model interpolates to each kernel's m = 8 L for a partial chunk
gemv_launch	1.16	1.16	1.16	us	measured	same fit	docs/plan-ledger.md 「커널 리뷰 넷」 '밀집 경로의 진단(kr-dense'		intercept of the same fit
q3k_bps	6	6	6	blocks/SM	derived	q3k gemv, 40 registers, 256 threads	docs/plan-ledger.md 「커널 리뷰 넷」 '밀집 경로의 진단(kr-dense' (504 blocks = regs 40 -> 6 x 84)		
heads_bps	3	3	3	blocks/SM	derived	ds41_q3k_gemv_heads_mcol, 80 registers	docs/plan-ledger.md 「커널 리뷰 넷」 'dskq가 남긴 것' (dskq: 80 regs 3 blk/SM)		
attn_seg_d6	10.9	10.9	10.9	us	measured	A6000 decode, seg_sel at depth 6, 40 blocks, 1 block/SM	docs/plan-ledger.md 「커널 리뷰 넷」 row A2		slope only
attn_seg_d1024	16.2	16.2	16.2	us	measured	same at depth ~1024	docs/plan-ledger.md 「커널 리뷰 넷」 row A2		
attn_other	27.98	27.98	27.98	us/chunk	measured	A6000 300 W, public Q3_K_M, plan (a), hot list 384, lcg P 512, CED on, bloomery afe86d5, nsys device timestamps (running clock ~2.0 GHz [derived]), layer 2: merge 21.21 + kv append 4.75 + commit 2.02	rig-log log/2026-09-26.md#v41-prefill-nsys; nsyspp scratch an-pp512-box.txt		
small_chunk	64.61	64.61	64.61	us/full chunk	measured	A6000 300 W, public Q3_K_M, plan (a), hot list 384, lcg P 512, CED on, bloomery afe86d5, nsys device timestamps (running clock ~2.0 GHz [derived]): hc_pre, norm_quant, quantize, rows_to_tokens, rope, hc_post; 3.883 ms a layer-batch over 60.1 full chunks	rig-log log/2026-09-26.md#v41-prefill-nsys; nsyspp scratch an-pp512-box.txt		hc_pre (28.4 us) runs on the fork branch: fork_overlap hides it
route_nq	6.14	5.95	6.14	us/chunk	measured	A6000 300 W, public Q3_K_M, plan (a), hot list 384, lcg P 512, CED on, bloomery afe86d5, nsys device timestamps (running clock ~2.0 GHz [derived]): the route's norm_quant, 0.369 ms a layer-batch / 60.1	rig-log log/2026-09-26.md#v41-prefill-nsys; nsyspp scratch an-pp512-box.txt		
src_chunk	41.7	41.7	41.7	us/chunk	measured	A6000 300 W, public Q3_K_M, plan (a), hot list 384, lcg P 512, CED on, bloomery afe86d5, nsys device timestamps (running clock ~2.0 GHz [derived]), layer 2 (gated compressor): 2 q3k_gemv 33.81 + comp_pool 5.30 + index_key 2.59	rig-log log/2026-09-26.md#v41-prefill-nsys; nsyspp scratch an-pp512-box.txt		an ungated source (20) runs one gemv of the two: src_chunk - 16.9
idx_chunk	6.36	6.36	6.36	us/chunk	measured	A6000 300 W, public Q3_K_M, plan (a), hot list 384, lcg P 512, CED on, bloomery afe86d5, nsys device timestamps (running clock ~2.0 GHz [derived]), layer 2: indexer_score 4.51 + top-k 1.85 (its P 512 scan included)	rig-log log/2026-09-26.md#v41-prefill-nsys; nsyspp scratch an-pp512-box.txt		idx_row_ns adds rows past layer 2's P 512 mean
idx_row_ns	2.9	0.36	2.9	ns/row/query	derived	index-key scan, 4,096 rows = 6.8 MB at 575 GB/s	docs/research/v41-b4-plan-report.md 「F. 인덱서 쿼리·점수·top-512(새 것)」 cost table row 4,096		lo = the chunk's 8 queries share one scan
small_k	2.2	1.45	2.24	us	measured	one small launch (quantize, transpose, copy)	docs/plan.md 「비용 모델 (디코드 스텝)」 row t_floor (K=512 q3_K 1.45); docs/plan-ledger.md 「커널 리뷰 넷」 row D7 (D7 2.15, 2.24)		
small_bytes_tok	780000	600000	1000000	B/token	assumed	bytes a token's attention small kernels move when launched batch-wide (B1)	derived here from the tensor widths (norm 5120, q_b 32768, heads, 4 streams); docs/research/cardroute-design-report.md 「B1. 프로젝션 배치 폭」 '입력 프로젝션은 층 입력만 읽는다'		only the B1 step reads it
router_tok	15.1	11.2	21.56	us	derived	one-token router launch in the pre-ds41bulk batch	docs/plan-ledger.md 「커널 리뷰 넷」 row B8, kr-moeattn R1 (21.56 us = 365 GB/s over the layer's 7.86 MB f32 router before ds41router; -0.26 ms/step predicted after); lo = 7.86 MB at bw_card's hi 701 GB/s = 11.2 us [derived]		
places	2.05	2.05	2.05	us	measured	A6000 300 W, public Q3_K_M, plan (a), hot list 384, lcg P 512, CED on, bloomery afe86d5, nsys device timestamps (running clock ~2.0 GHz [derived]): ds41_ffn_places	rig-log log/2026-09-26.md#v41-prefill-nsys; nsyspp scratch an-pp512-box.txt		
expert_gu_bytes	10137600	10137600	10137600	B	derived	Q3_K gate+up, 2 x 2304 x 5120	docs/facts.md 「이 모델에 실제로 들어 있는 것」 row Q3_K (11); docs/research/h3tile-b-design-report.md 「2. 종이 위 분해」 row Q3_K 행		
expert_down_bytes	6635520	6635520	6635520	B	derived	Q4_K down 5120 x 2304	docs/facts.md 「이 모델에 실제로 들어 있는 것」 row Q4_K (12)		
expert_bytes_host	16860000	16860000	16860000	B	derived	plan (a) host set 214.0 GB / 12,692 experts	AGENTS.md (BLOOMERY_CARD_DONTNEED entry)		two Q5_K-down layers raise the mean over 16,773,120
ring_slot_bytes	18250000	18250000	18250000	B	derived	the largest routed expert (Q5_K down)	docs/research/hoststream-design-report.md 「2. 분할 규칙, 링, 메모리」 'pinned 호스트 링 8슬롯 × 18.25 MB'		
s_host_lcg	4.7131	4.7131	4.7131	slots/token-layer	measured	lcg prompt, hot list 384, P 512 CED off: 96,525 host slots / 20,480	rig-log log/2026-09-25.md#v41-prefill-resit-b	S13b.slots.off	a routing count of that run, not a time
prose_host_cols	1011.2	1011.2	1011.2	cols/512 tokens	measured	ik router trace, prose, 50,000 tokens, card = prose's own top-70	docs/research/hoststream-recal-report.md 「2. 실행한 것과 판정 줄」 'n_l=70: card avg cols/512'		counts.tsv itself is in no repo file (missing); the curve is rebuilt from these points
prose_card_cols	29.4	29.4	29.4	cols/512 per card expert	measured	same trace	docs/research/hoststream-recal-report.md 「2. 실행한 것과 판정 줄」 'n_l=70: card avg cols/512'		
prose_n_l	70	70	70	experts/layer	measured	the trace's card set	docs/research/hoststream-recal-report.md 「2. 실행한 것과 판정 줄」 'n_l=70: card avg cols/512'		
prose_ntok	50000	50000	50000	tokens	measured	the prose router trace's length	tools/flow/prose-counts.tsv (docs/research/hoststream-recal-report.md 「2. 실행한 것과 판정 줄」 '15361 lines, 층마다 합 300000 = 6.0/token')		counts x 512 / this = columns per 512 tokens
prose_r0	10.8	10.8	10.8	cols/512	measured	host rank 0	docs/research/hoststream-recal-report.md 「2. 실행한 것과 판정 줄」 'cols/512 at host rank 0/40/80/120/200/313'		
prose_r40	7.1	7.1	7.1	cols/512	measured	host rank 40	docs/research/hoststream-recal-report.md 「2. 실행한 것과 판정 줄」 'cols/512 at host rank 0/40/80/120/200/313'		
prose_r80	5	5	5	cols/512	measured	host rank 80	docs/research/hoststream-recal-report.md 「2. 실행한 것과 판정 줄」 'cols/512 at host rank 0/40/80/120/200/313'		
prose_r120	3.4	3.4	3.4	cols/512	measured	host rank 120	docs/research/hoststream-recal-report.md 「2. 실행한 것과 판정 줄」 'cols/512 at host rank 0/40/80/120/200/313'		
prose_r200	1.4	1.4	1.4	cols/512	measured	host rank 200	docs/research/hoststream-recal-report.md 「2. 실행한 것과 판정 줄」 'cols/512 at host rank 0/40/80/120/200/313'		
prose_r313	0	0	0	cols/512	measured	host rank 313	docs/research/hoststream-recal-report.md 「2. 실행한 것과 판정 줄」 'cols/512 at host rank 0/40/80/120/200/313'		
prose_share40	0.353	0.353	0.353	fraction	measured	host columns the hottest 40 host experts take	docs/research/hoststream-recal-report.md 「2. 실행한 것과 판정 줄」 'host share of hottest 40/80/120/160'		self-test target of the rebuilt curve
prose_share80	0.595	0.595	0.595	fraction	measured	hottest 80	docs/research/hoststream-recal-report.md 「2. 실행한 것과 판정 줄」 'host share of hottest 40/80/120/160'		
prose_share120	0.76	0.76	0.76	fraction	measured	hottest 120	docs/research/hoststream-recal-report.md 「2. 실행한 것과 판정 줄」 'host share of hottest 40/80/120/160'		
prose_share160	0.871	0.871	0.871	fraction	measured	hottest 160	docs/research/hoststream-recal-report.md 「2. 실행한 것과 판정 줄」 'host share of hottest 40/80/120/160'		
w	126.4	126.4	126.6	us	measured	one expert read at m = 1, 32 threads	rig-log log/2026-09-25.md#hosttile-union-f (union:4 20.23 ms / 160); #host-union-column-cost-m1 (20.26)		
a_union	30.2	28.1	30.2	us	measured	engine union after unionreal (3c2c432), bench two-point fit m 8, 16	rig-log log/2026-09-25.md#h3tile-ab (union arm, 751f192); lo: #h1fold-union (5685a15, before unionreal)		S13 ... S15 run this union
c_union	22.2	22.2	22.98	us	measured	same	rig-log log/2026-09-25.md#h3tile-ab; hi: #h1fold-union		
a_hosttile	40.4	40.4	40.4	us	derived	hosttile tile (220cfd8), the union ds41batch ran	rig-log log/2026-09-25.md#hosttile-union-f (41.05, 75.63 ms at m 8, 16); docs/plan.md 「비용 모델 (디코드 스텝)」 row 호스트 union(배치 프리필)		
c_hosttile	27.02	27.02	27.02	us	derived	same	rig-log log/2026-09-25.md#hosttile-union-f		
unionreal_cut	3	2	4	ms/layer	derived	x re-quantized per 8-expert chunk before unionreal (420 MB a layer)	docs/plan.md 「비용 모델 (디코드 스텝)」 row 호스트 union(배치 프리필) ('2–4 ms[유도]')		only the ds41batch rows read it (x re-quantized per chunk)
a_r8	-42.68	-50.36	-24.93	us	measured	the engine's r8 union (BLOOMERY_R8=on) as t(m) = max(W, a + c m) an expert, A6000 plan (a), hot list 384, CED on, G 2: the two-point fit to lcg and prose P 512 with the model's causes and X_u; lo/hi: the fit to prose round 2 / lcg round 2	rig-log log/2026-09-27.md#r8host-pp (the sitting's stat prefill split lines, bloomery 6ffed9e, generate_ds41 5cede16e55a9: union_lb lcg P 512 45.05 (round 1; round 2 45.97 [cold]), prose P 512 27.99 / 28.70)	R8.p512.lcg.union	superseded by r8_kappa (flowfit): the pair reads the id-prefix union cells +14 to +23 % (m 100-400, a 20x extrapolation of a fit whose two cells sit where the W floor meets the slope, so the intercept traded against the slope); kept for backtest's diagnostics line. a pair with c_r8 (they move together; one at a time the band is wide): max(W, c (m - m0)), m0 = -a / c = 2.3 columns; no positive intercept fits both cells, lcg's experts sit at W + 8 % and prose's hot ones pay c; the bench's 59.4 + 14.63 m (rig-log 09-25#h3tile-ab) and the design's 38 + 13.05 m (docs/research/h3tile-b-design-report.md, §5 Part B) read both cells wrong
c_r8	18.84	18.02	19.54	us	measured	same fit, us a column	rig-log log/2026-09-27.md#r8host-pp (the sitting's stat prefill split lines, bloomery 6ffed9e, generate_ds41 5cede16e55a9: union_lb lcg P 512 45.05 (round 1; round 2 45.97 [cold]), prose P 512 27.99 / 28.70)	R8.p512.prose.union	superseded by r8_kappa (flowfit): the pair reads the id-prefix union cells +14 to +23 % (m 100-400, a 20x extrapolation of a fit whose two cells sit where the W floor meets the slope, so the intercept traded against the slope); kept for backtest's diagnostics line. lo/hi: the fit to lcg round 2 / prose round 2
r8_tile_col	10.29888	10.29888	10.29888	Mhu/column	derived	one host expert's tile work a column on the layers with a Q4_K down: gate + up 2 x 288 row-lane groups x 20 super-blocks x 506, down 5,120 rows x 9 super-blocks x 97, in the lane cut's half-instruction units (Mhu = 1e6 of them)	crates/model/src/ops.rs R8_TILE_UNITS (540, 506 a row-lane group super-block) and tile_units (Q4_K 96, 97; Q5_K 156, 98 a row super-block), the lane cut's cost model (r8_tile_cost, tile_cost_of); qdot::TILE_COLS 8; dims expert_gu_bytes, expert_down_bytes		the r8 law's per-column share; with r8_tile_fix / 8 it is the slope past the first run
r8_tile_fix	10.64448	10.64448	10.64448	Mhu/run	derived	the same expert's fixed unpack per run of up to 8 columns: 2 x 288 x 20 x 540 + 5,120 x 9 x 96	crates/model/src/ops.rs R8_TILE_UNITS (540, 506 a row-lane group super-block) and tile_units (Q4_K 96, 97; Q5_K 156, 98 a row super-block), the lane cut's cost model (r8_tile_cost, tile_cost_of); qdot::TILE_COLS 8; dims expert_gu_bytes, expert_down_bytes		paid ceil(m / 8) times an expert
r8_tile_col_q5	10.34496	10.34496	10.34496	Mhu/column	derived	r8_tile_col on Q5_LAYERS (0, 1), whose down is Q5_K: 5,829,120 + 5,120 x 9 x 98	crates/model/src/ops.rs R8_TILE_UNITS (540, 506 a row-lane group super-block) and tile_units (Q4_K 96, 97; Q5_K 156, 98 a row super-block), the lane cut's cost model (r8_tile_cost, tile_cost_of); qdot::TILE_COLS 8; dims expert_gu_bytes, expert_down_bytes; Q5_K on layers 0-1: expert_down_q5_bytes		
r8_tile_fix_q5	13.40928	13.40928	13.40928	Mhu/run	derived	r8_tile_fix on Q5_LAYERS: 6,220,800 + 5,120 x 9 x 156	crates/model/src/ops.rs R8_TILE_UNITS (540, 506 a row-lane group super-block) and tile_units (Q4_K 96, 97; Q5_K 156, 98 a row super-block), the lane cut's cost model (r8_tile_cost, tile_cost_of); qdot::TILE_COLS 8; dims expert_gu_bytes, expert_down_bytes; Q5_K on layers 0-1: expert_down_q5_bytes		
r8_kappa	1.133	1.017	1.212	us/Mhu	measured	the engine's r8 union (BLOOMERY_R8=on) as t(m) = max(W, kappa (r8_tile_fix ceil(m / 8) + r8_tile_col m)) an expert, 32 threads, A6000 plan (a), CED on, G 2, the id prefix (no hot list): the least-squares fit of the three union_lb cells of the pfxprose lease with the model's own routing (routes-idprefix.tsv), causes and X_u; lo/hi: the kappa each cell alone reads (prose P 4096 / prose P 512)	rig-log log/2026-09-29.md#pfxprose (the lease's stat prefill split lines, main e577ac9, generate_ds41 44ae39554086: union_lb prose P 512 46.12, 45.94, 45.11; prose P 4096 44.22, 44.13, 44.22; code P 512 44.07, 42.93, 42.86)	S0.p512.prose.union	one fitted number over a shape the code fixes; slope past the first run kappa (r8_tile_col + r8_tile_fix / 8) = 13.18 us a column, the W crossover at m 9 [derived] (the bench's 14.63, rig-log 09-25#h3tile-ab; the design's 13.05, docs/research/h3tile-b-design-report.md §5 Part B). The cells scatter -4.1 / +5.9 / -1.6 %: the larger half is the list form (routes-idprefix.tsv's G 1 lists undercount the host experts a batch touches, 175 against the sets' exact 187, kernel sum -2.8 %; the G 2 lists P 4096 reads overcount, 209, +2.6 %: backtest term glist), the rest the prompt (its batch 0 reads 48.8 ms a layer-batch on layers 0-19, batches 1-7 45.9-47.3), so lo/hi carry the glist term; the two G 1 cells and one G 2 cell cancel most of it in the fit, and the sets' exact per-batch counts read 1.164 (+2.7 %)
copy_gbs	15	12	20	GB/s	assumed	the union's copy of x (T x 20,480 B) before hostserve (c58cb37)	docs/research/ds41overlap-design-report.md 「1. 시간선, 의존 그래프, 차단 지점」 row 층당 (10.5 MB copy a layer); the 15 GB/s: no source		after hostserve the union borrows the pinned buffer: 0
prologue_tok	77.3	75.3	79.3	us/token	measured	plan_batch (plans, rows, images, H2D), warm second round	rig-log log/2026-09-25.md#v41-prefill-s14 (40.6 ms at 512, 308.3 at 4096)	S14.prologue	
prologue_cold_extra_512	68.2	68.2	68.2	ms/prompt	measured	S14 expert arm, P 512, round 1: the lease's first process	rig-log log/2026-09-25.md#v41-prefill-s14 (prologue 108.8 ms in round 1 against 40.6 in round 2)		added to that arm's round-1 wall only; its recorded pp is the mean of both rounds
prologue_cold_extra_4096	529.2	529.2	529.2	ms/prompt	measured	S14 expert arm, P 4096, round 1: the lease's first 4096 arm	rig-log log/2026-09-25.md#v41-prefill-s14 (837.5 ms against 308.3)		same
t_issue	2.42	2.21	2.63	us/item	derived	A6000 300 W, B1 lcg P 512 no hot list: enqueue 3.81 ms a layer-batch with the queue at Q 1,068 activities (the engram layers 1 and 14 and the source layers still fill it); per call, activity or event	rig-log log/2026-09-26.md#b1-pp-ab; scratch b1pp/run.log, b1pp2/run.log; rig-log log/2026-09-21.md (eager empty kernel 2.233 us)	B1.p512.enqueue	fitted through the queue simulation; lo/hi fit enqueue -/+ between_lease. enqueue / (entries_route + entries_shadow) = 3.87 us reads the queue's blocked time as issue: without the queue P 4096 would read 3.97 against 4.62, with it 4.60. enqueue_ns is the chain's time outside union, wait and copy, so the value carries the host's per-call bookkeeping
head	0.78	0.78	0.78	ms	measured	q6_K head, once a prompt	rig-log log/2026-09-23.md#v41-dense-reads-a6000 row output(헤드) (775.6 us, B9); docs/research/v41-b4-plan-report.md 「M. 임베딩·복제·출력 접기·헤드」 '헤드 775.6 µs'		
anchor_union_s13b	76.1	76.1	76.1	ms/layer	measured	union_ms / 40, P 512 CED off lcg	rig-log log/2026-09-25.md#v41-prefill-resit-b	S13b.union.off	X_u, the union's named residual, = this - the kernel sum - the chunk flow's cause terms (per host slot)
anchor_union_s14s	72.4	72.4	72.4	ms/layer-batch	measured	union, P 512 CED on lcg, slot arm	rig-log log/2026-09-25.md#v41-prefill-s14	S14.p512.slot.union	the alternate anchor
dram_eff	126	112	140	GB/s	assumed	host DRAM ceiling while the union and the ring fill overlap	docs/research/hoststream-design-report.md 「2. 분할 규칙, 링, 메모리」 'DRAM 수치(G8 전 층)'; docs/plan.md 「비용 모델 (디코드 스텝)」 row BW_host (BW_host 135-147.7)		the DRAM contention probe has not run
fill_crossings	3	3	4	crossings	derived	mapping read, ring write, DMA read (4 with RFO)	docs/research/hoststream-design-report.md 「1. 시간선」 'RFO 저장(DRAM 4회 통과)'; docs/research/hoststream-design-report.md 「2. 분할 규칙, 링, 메모리」 '채움 스레드 둘을 SMT 형제에'		
fill_steal	0.04	0	0.08	fraction	assumed	union cores the fill threads' SMT siblings take	docs/research/hoststream-design-report.md 「1. 시간선」 'union 코어의 4 %를 뺏는다'		
stream_gcol	3	1.5	5	us/column/expert	derived	card GEMM of a streamed expert, a5gemm MoE 47.3 TOPS with a x2 margin	docs/research/hoststream-design-report.md 「1. 시간선」 '스트림 커널 속도 1.5, 3, 5 µs/열·전문가'; rig-log log/2026-09-25.md#a5gemm-a6000		
stream_gfix	28	14	56	us/expert	assumed	fixed cost of one streamed expert's GEMM	docs/research/hoststream-design-report.md 「1. 시간선」 '스트림 커널 속도 1.5, 3, 5 µs/열·전문가' (kernel speed moves the model by 0); the 28 us: no source		x0.5-x2 assumed: at G8 the card binds, so the stream GEMM's fixed cost is not under PCIe's shadow here
ring_borrow	128	128	128	slots	derived	ring borrowed from the cold card experts during the prompt	commit 4fe0527 (triage: ring 128 borrowed from the cold card experts during long prompts)		
ring_small	8	8	8	slots	derived	the pinned ring the lead accepted without borrowing (146 MB)	docs/research/hoststream-design-report.md 「2. 분할 규칙, 링, 메모리」 'pinned 호스트 링 8슬롯'; docs/plan-triage.md 「열린 라운드 카드」 row hoststream ('링 8은 리드가 받는다')		used where the prompt is too short to borrow
borrow_min_p	1024	1024	1024	tokens	derived	shortest prompt that borrows the 128-slot ring (re-upload <= 2 % of the prompt)	docs/plan-triage.md 「열린 라운드 카드」 row hoststream ('초안 P >= 1024')		a draft threshold of the decided design
borrow_reupload	89	89	89	ms/prompt	derived	re-upload of the borrowed slots after the prompt from a pinned copy: 2.34 GB at 26.3 GB/s	docs/research/h3tile-b-design-report.md 「3. Part A — 선택지 표」 row 재업로드(①만), '재업로드 원천은 세 선택지 모두의 문제입니다'		the pinned-copy design (docs/research/h3tile-b-design-report.md 「10. 리드가 물어야 할 것」 item 1, recommended); the NVMe case is borrow_reupload_nvme
borrow_reupload_nvme	1800	1800	1800	ms/prompt	derived	the same re-upload read from NVMe after BLOOMERY_CARD_DONTNEED dropped the sources: 2.34 GB at 1.33 GB/s	docs/research/h3tile-b-design-report.md 「3. Part A — 선택지 표」 '재업로드 원천은 세 선택지 모두의 문제입니다'		a design variant printed beside the band, not a range of it
gemm_tops_dense	66.4	66.4	66.4	TOPS	measured	a5gemm dense 2048 x 2048 Q4_K, T 512	rig-log log/2026-09-25.md#a5gemm-a6000		
gemm_tops_moe	47.3	47.3	47.3	TOPS	measured	a5gemm MoE, T 512	rig-log log/2026-09-25.md#a5gemm-a6000		the pessimistic rate for a Q3_K projection GEMM, which does not exist yet
gemm_tops_proj	66.4	47.3	66.4	TOPS	derived	the rate a Q3_K projection GEMM would run at, T 512 (no such kernel yet)	rig-log log/2026-09-25.md#a5gemm-a6000 (dense 66.4, MoE 47.3); docs/research/cardroute-design-report.md 「B4. IMMA GEMM」 'a5gemm은 A6000, T 512에서'		B4 only; lo = the MoE rate
n_card_total	2668	2668	2668	experts	measured	plan (a) public file, card experts	rig-log log/2026-09-25.md#v41-prefill-s14 (card 2,668, host 12,692); plan line 'n_l=70..71 on 38 layers'		
card_first_layer	2	2	2	layer	measured	plan (a): layers 0 and 1 hold no card expert (N_s 321 = the shadow without grouped kernels)	rig-log log/2026-09-26.md#v41-prefill-nsys; nsyspp scratch an-pp512-box.txt		the plan line's 38 layers are 2-39
s_host_lcg_nohot	4.975	4.975	4.975	slots/token-layer	measured	lcg prompt, no hot list (the runner default), P 512 CED on: 95,679 host slots / 19,232 block positions	rig-log log/2026-09-26.md#uniondispatch-ab; bloomery-ee scratch wave-m6/ud-sit/depth.log		P 4096 reads 529,761 / 106,400 = 4.9790 (the prompt differs)
proj_qkv_us	28.3	28.3	28.3	us/launch	measured	A6000 300 W, public Q3_K_M, plan (a), hot list 384, lcg P 512, CED on, bloomery afe86d5, nsys device timestamps (running clock ~2.0 GHz [derived]), layer 3 chunk 32, m 8, grid 224 blocks	rig-log log/2026-09-26.md#v41-prefill-nsys; nsyspp scratch an-pp512-box.txt		q3k_gemv 1792 x 5120, 40 regs, 0.44 waves
proj_qb_us	70.8	70.8	70.8	us/launch	measured	A6000 300 W, public Q3_K_M, plan (a), hot list 384, lcg P 512, CED on, bloomery afe86d5, nsys device timestamps (running clock ~2.0 GHz [derived]), layer 3 chunk 32, m 8, grid 4096 blocks	rig-log log/2026-09-26.md#v41-prefill-nsys; nsyspp scratch an-pp512-box.txt		q3k_gemv 32768 x 1280, 8.13 waves, LSU-bound (ncu 82.4 %)
proj_woa_us	100.0	100.0	100.0	us/launch	measured	A6000 300 W, public Q3_K_M, plan (a), hot list 384, lcg P 512, CED on, bloomery afe86d5, nsys device timestamps (running clock ~2.0 GHz [derived]), layer 3 chunk 32, m 8, grid 1024 blocks	rig-log log/2026-09-26.md#v41-prefill-nsys; nsyspp scratch an-pp512-box.txt		ds41_q3k_gemv_heads_mcol 8192 x 4096, 80 regs (3 blocks/SM), 4.06 waves
proj_wob_us	119.1	119.1	119.1	us/launch	measured	A6000 300 W, public Q3_K_M, plan (a), hot list 384, lcg P 512, CED on, bloomery afe86d5, nsys device timestamps (running clock ~2.0 GHz [derived]), layer 3 chunk 32, m 8, grid 640 blocks	rig-log log/2026-09-26.md#v41-prefill-nsys; nsyspp scratch an-pp512-box.txt		q3k_gemv 5120 x 8192, 1.27 waves
full_res_lat	-0.525	-0.625	-0.426	mode	derived	A6000 300 W, plan (a), no hot list, lcg P 512 CED on, main 0bcee2c (B1, per 128-token sub-block): card_proj 12.13 ms a layer-batch (four clean rounds 12.10-12.19; P 4096 12.24), the per-iteration step of a grouped (B1) full-residency wave between each launch's own m = 8 L (0) and its busiest unit at q_b's LSU efficiency (-1)	rig-log log/2026-09-26.md#b1-pp-ab; scratch b1pp/run.log, b1pp2/run.log	B1.p512.card_proj	fitted to card_proj = the sub-blocks' projections + their small launches + the latent-only sub-blocks' (the phases chain/attn/batch.rs:779-799 marks); lo/hi fit card_proj -/+ between_lease; the old reading was 0 [-1, 1] (14.8 [9.2-16.6] ms predicted)
dmd_qkv_iss	566.2	566.2	566.2	cycles/block-step	measured	A6000, ncu at 1.40 GHz fixed, caches flushed per pass, layer 3 chunk 32, m = 8, bloomery afe86d5: issue (inst/warp-iter x 8 / 4 schedulers)	rig-log log/2026-09-26.md#v41-prefill-nsys; nsyspp scratch ncu-summary-3.txt		an instruction count, clock-free; divide by f_sm for us
dmd_qkv_lsu	609.6	609.6	609.6	cycles/block-step	measured	A6000, ncu at 1.40 GHz fixed, caches flushed per pass, layer 3 chunk 32, m = 8, bloomery afe86d5: LSU (pipe_lsu x 8 x 2 cycles, a SM)	rig-log log/2026-09-26.md#v41-prefill-nsys; nsyspp scratch ncu-summary-3.txt		an instruction count, clock-free; divide by f_sm for us
dmd_qkv_l1	453.6	453.6	453.6	cycles/block-step	measured	A6000, ncu at 1.40 GHz fixed, caches flushed per pass, layer 3 chunk 32, m = 8, bloomery afe86d5: L1TEX data pipe (wavefronts x 8)	rig-log log/2026-09-26.md#v41-prefill-nsys; nsyspp scratch ncu-summary-3.txt		an instruction count, clock-free; divide by f_sm for us
dmd_qb_iss	651.3	651.3	651.3	cycles/block-step	measured	A6000, ncu at 1.40 GHz fixed, caches flushed per pass, layer 3 chunk 32, m = 8, bloomery afe86d5: issue (inst/warp-iter x 8 / 4 schedulers)	rig-log log/2026-09-26.md#v41-prefill-nsys; nsyspp scratch ncu-summary-3.txt		an instruction count, clock-free; divide by f_sm for us
dmd_qb_lsu	800.0	800.0	800.0	cycles/block-step	measured	A6000, ncu at 1.40 GHz fixed, caches flushed per pass, layer 3 chunk 32, m = 8, bloomery afe86d5: LSU (pipe_lsu x 8 x 2 cycles, a SM)	rig-log log/2026-09-26.md#v41-prefill-nsys; nsyspp scratch ncu-summary-3.txt		an instruction count, clock-free; divide by f_sm for us
dmd_qb_l1	512.6	512.6	512.6	cycles/block-step	measured	A6000, ncu at 1.40 GHz fixed, caches flushed per pass, layer 3 chunk 32, m = 8, bloomery afe86d5: L1TEX data pipe (wavefronts x 8)	rig-log log/2026-09-26.md#v41-prefill-nsys; nsyspp scratch ncu-summary-3.txt		an instruction count, clock-free; divide by f_sm for us
dmd_woa_iss	614.0	614.0	614.0	cycles/block-step	measured	A6000, ncu at 1.40 GHz fixed, caches flushed per pass, layer 3 chunk 32, m = 8, bloomery afe86d5: issue (inst/warp-iter x 8 / 4 schedulers)	rig-log log/2026-09-26.md#v41-prefill-nsys; nsyspp scratch ncu-summary-3.txt		an instruction count, clock-free; divide by f_sm for us
dmd_woa_lsu	630.0	630.0	630.0	cycles/block-step	measured	A6000, ncu at 1.40 GHz fixed, caches flushed per pass, layer 3 chunk 32, m = 8, bloomery afe86d5: LSU (pipe_lsu x 8 x 2 cycles, a SM)	rig-log log/2026-09-26.md#v41-prefill-nsys; nsyspp scratch ncu-summary-3.txt		an instruction count, clock-free; divide by f_sm for us
dmd_woa_l1	463.5	463.5	463.5	cycles/block-step	measured	A6000, ncu at 1.40 GHz fixed, caches flushed per pass, layer 3 chunk 32, m = 8, bloomery afe86d5: L1TEX data pipe (wavefronts x 8)	rig-log log/2026-09-26.md#v41-prefill-nsys; nsyspp scratch ncu-summary-3.txt		an instruction count, clock-free; divide by f_sm for us
dmd_wob_iss	552.6	552.6	552.6	cycles/block-step	measured	A6000, ncu at 1.40 GHz fixed, caches flushed per pass, layer 3 chunk 32, m = 8, bloomery afe86d5: issue (inst/warp-iter x 8 / 4 schedulers)	rig-log log/2026-09-26.md#v41-prefill-nsys; nsyspp scratch ncu-summary-3.txt		an instruction count, clock-free; divide by f_sm for us
dmd_wob_lsu	579.0	579.0	579.0	cycles/block-step	measured	A6000, ncu at 1.40 GHz fixed, caches flushed per pass, layer 3 chunk 32, m = 8, bloomery afe86d5: LSU (pipe_lsu x 8 x 2 cycles, a SM)	rig-log log/2026-09-26.md#v41-prefill-nsys; nsyspp scratch ncu-summary-3.txt		an instruction count, clock-free; divide by f_sm for us
dmd_wob_l1	439.1	439.1	439.1	cycles/block-step	measured	A6000, ncu at 1.40 GHz fixed, caches flushed per pass, layer 3 chunk 32, m = 8, bloomery afe86d5: L1TEX data pipe (wavefronts x 8)	rig-log log/2026-09-26.md#v41-prefill-nsys; nsyspp scratch ncu-summary-3.txt		an instruction count, clock-free; divide by f_sm for us
attn_seg_l2	38.25	38.25	38.25	us/chunk	measured	A6000 300 W, public Q3_K_M, plan (a), hot list 384, lcg P 512, CED on, bloomery afe86d5, nsys device timestamps (running clock ~2.0 GHz [derived]), layer 2 (ratio 2), mean over its 64 chunks	rig-log log/2026-09-26.md#v41-prefill-nsys; nsyspp scratch an-pp512-box.txt		ds41_attn_seg_sel_stage; the decode slope (docs/plan-ledger.md 「커널 리뷰 넷」 row A2) carries it to other key counts
fork_overlap	27.82	27.82	27.82	us/full chunk	measured	A6000 300 W, public Q3_K_M, plan (a), hot list 384, lcg P 512, CED on, bloomery afe86d5, nsys device timestamps (running clock ~2.0 GHz [derived]): the branch's HC_PRE under the main stream, 1.672 ms a layer-batch over 60.1 full chunks	rig-log log/2026-09-26.md#v41-prefill-nsys; nsyspp scratch an-pp512-box.txt		chain/attn.rs:1493 forks HC_PRE beside steps 2-8
part_chunk	38.73	38.73	38.73	us/chunk	measured	A6000 300 W, public Q3_K_M, plan (a), hot list 384, lcg P 512, CED on, bloomery afe86d5, nsys device timestamps (running clock ~2.0 GHz [derived]): latent-only chunks, 0.061 ms a layer-batch x 40 / 63 chunks	rig-log log/2026-09-26.md#v41-prefill-nsys; nsyspp scratch an-pp512-box.txt		none of the 63 is a source layer's
engram_chunk	355.3	355.3	355.3	us/chunk	measured	A6000 300 W, public Q3_K_M, plan (a), hot list 384, lcg P 512, CED on, bloomery afe86d5, nsys device timestamps (running clock ~2.0 GHz [derived]): engram, 1.137 ms a layer-batch x 40 over 2 layers x 64 chunks (m 8)	rig-log log/2026-09-26.md#v41-prefill-nsys; nsyspp scratch an-pp512-box.txt		scaled by m / 8 for a short chunk
router_tile	9.816	9.816	9.816	us/8-token tile	measured	A6000 300 W, public Q3_K_M, plan (a), hot list 384, lcg P 512, CED on, bloomery afe86d5, nsys device timestamps (running clock ~2.0 GHz [derived]): ds41_router_scores 628.23 us over 64 tiles	rig-log log/2026-09-26.md#v41-prefill-nsys; nsyspp scratch an-pp512-box.txt		router.rs:744 re-reads the f32 matrix per tile
pick	9.92	9.92	9.92	us	measured	A6000 300 W, public Q3_K_M, plan (a), hot list 384, lcg P 512, CED on, bloomery afe86d5, nsys device timestamps (running clock ~2.0 GHz [derived]): ds41_router_pick at T 512	rig-log log/2026-09-26.md#v41-prefill-nsys; nsyspp scratch an-pp512-box.txt		
d2h_gbs	19.15	19.15	19.15	GB/s	measured	A6000 300 W, public Q3_K_M, plan (a), hot list 384, lcg P 512, CED on, bloomery afe86d5, nsys device timestamps (running clock ~2.0 GHz [derived]): the route's three D2H, 547.6 us for x (10.49 MB) + ids + weights	rig-log log/2026-09-26.md#v41-prefill-nsys; nsyspp scratch an-pp512-box.txt		
post_h2d_gbs	19.0	19.0	19.0	GB/s	measured	A6000 300 W, public Q3_K_M, plan (a), hot list 384, lcg P 512, CED on, bloomery afe86d5, nsys device timestamps (running clock ~2.0 GHz [derived]): the host sums' H2D, 551.9 us for 10.49 MB	rig-log log/2026-09-26.md#v41-prefill-nsys; nsyspp scratch an-pp512-box.txt		
post_batch_tok	0.3621	0.3621	0.3621	us/token	measured	A6000 300 W, public Q3_K_M, plan (a), hot list 384, lcg P 512, CED on, bloomery afe86d5, nsys device timestamps (running clock ~2.0 GHz [derived]): ds41_ffn_post_batch 185.38 us at T 512	rig-log log/2026-09-26.md#v41-prefill-nsys; nsyspp scratch an-pp512-box.txt		
gap_act	0.898	0.79	0.96	us/route activity	measured	A6000 300 W, public Q3_K_M, plan (a), hot list 384, lcg P 512, CED on, bloomery afe86d5, nsys device timestamps (running clock ~2.0 GHz [derived]): card idle in the route window 1.252 ms / 1,394 activities (lo/hi: layers 0 and 1)	rig-log log/2026-09-26.md#v41-prefill-nsys; nsyspp scratch an-pp512-box.txt		replaces the graph-node gap 1.41 (derived)
q_act	1068	1056	1076	activities	measured	A6000 300 W, public Q3_K_M, plan (a), hot list 384, lcg P 512, CED on, bloomery afe86d5, nsys device timestamps (running clock ~2.0 GHz [derived]): activities (kernels, copies) in flight when the host blocks; events (record, wait) are not counted	rig-log log/2026-09-26.md#v41-prefill-nsys; nsyspp scratch an-pp512-box.txt		lo/hi: the per-layer plateaus; 1,326 calls up to the event
shadow_chunk	114.34	114.34	114.34	us/full chunk	measured	A6000 300 W, public Q3_K_M, plan (a), hot list 384, lcg P 512, CED on, bloomery afe86d5, nsys device timestamps (running clock ~2.0 GHz [derived]), layer 2: shexp gate-up 42.49, q4k down 31.51, hc_pre 25.42, norm_quant 6.12, quantize 3.93, rows_to_tokens 2.52, 2 D2D 2.35	rig-log log/2026-09-26.md#v41-prefill-nsys; nsyspp scratch an-pp512-box.txt		
shadow_chunk_nocard	152.27	152.27	152.27	us/full chunk	measured	A6000 300 W, public Q3_K_M, plan (a), hot list 384, lcg P 512, CED on, bloomery afe86d5, nsys device timestamps (running clock ~2.0 GHz [derived]): layers 0 and 1 (no card expert), 9.76 and 9.73 ms over 64 chunks	rig-log log/2026-09-26.md#v41-prefill-nsys; nsyspp scratch an-pp512-box.txt		
shadow_lb	166.3	166.3	166.3	us/layer-batch	measured	A6000 300 W, public Q3_K_M, plan (a), hot list 384, lcg P 512, CED on, bloomery afe86d5, nsys device timestamps (running clock ~2.0 GHz [derived]), layer 2: card_buckets 129.2 + card_acc 37.0	rig-log log/2026-09-26.md#v41-prefill-nsys; nsyspp scratch an-pp512-box.txt		
shadow_slot	23.51	23.51	23.51	us/card slot	derived	the grouped gate-up + down over layers 2-39: shadow 22.273 - 59.89 x 114.34 us - 0.166 = 15.26 ms a layer-batch over 649.1 card slots (lcg, hot list 384)	rig-log log/2026-09-26.md#v41-prefill-nsys; nsyspp scratch an-pp512-box.txt		per slot, not per (expert, tile): the per-tile reading (136 us) is 3x the grid law's; untraced
wake_us	1.61	1.61	1.61	us/dispatch	measured	the thread pool's empty dispatch, 32 threads	AGENTS.md ('the pool bench went 4.56 -> 1.61 us per dispatch')		
steal_blocks	4	4	4	blocks/lane	derived	the row pool's steal block, lane / 4 (BLOOMERY_STEAL_BLOCKS default)	crates/model/src/ops.rs:2624 (steal_blocks)		
union_block_rows	144	144	144	rows	derived	the five-dispatch flow's steal-block cap	crates/model/src/ops.rs (UNION_BLOCK_ROWS), 9626c7f		
gu_row_share	0.606	0.606	0.606	fraction	derived	gate/up's share of an expert's thread time (0.836 us x 4,608 rows of 199 us x 32 threads at m 7.61)	docs uniondispatch report A1/A4 (agent transcript), commit 9626c7f message		
smalltail_us	7.5	5	10	us/chunk	derived	the chunk flow's pre-pass and stash dispatches' own tails (0.2-0.4 ms / 40)	docs uniondispatch report A1/A4 (agent transcript), commit 9626c7f message		
stash_gbs	70	44	120	GB/s	derived	the chunk flow's stash copy (48.2 MB in 0.4-1.1 ms, pool)	docs uniondispatch report A1/A4 (agent transcript), commit 9626c7f message		
zfill_chunk_bytes	600000	600000	600000	B/chunk	derived	the chunk flow's set_cols growth on the calling thread: 1.56 columns x 385 KB a chunk (24.0 MB / 40)	docs uniondispatch report A1/A4 (agent transcript), commit 9626c7f message		
zfill_gbs	20	10	30	GB/s	derived	a serial memset on the calling thread	docs uniondispatch report A1/A4 (agent transcript), commit 9626c7f message		
scan_gbs	21	19	23.3	GB/s	derived	the chunk flow's serial non-finite scan of x (10.5 MB in 0.45-0.55 ms)	docs/research/hostserve-report.md; docs uniondispatch report A1/A4 (agent transcript), commit 9626c7f message		
scan_pool_ms	0.04	0	0.08	ms at T 512	derived	the five-dispatch flow's non-finite pool pass	docs uniondispatch report A1/A4 (agent transcript), commit 9626c7f message		
prep_us	4.4	2.5	6.25	us/chunk	derived	chunk preparation on the calling thread less the blocks' resolves (0.1-0.25 ms / 40)	docs uniondispatch report A1/A4 (agent transcript), commit 9626c7f message		
t6_gbs	250	127	509	GB/s	derived	the five-dispatch flow's combine re-reads the gate/up slab and writes qc (21.1 KB a slot; 0.1-0.4 ms at 2,413 slots)	docs uniondispatch report A1/A4 (agent transcript), commit 9626c7f message		
ud_delta_512	10.34	9.87	10.81	ms/layer-batch	measured	A6000 300 W, plan (a), no hot list, lcg, CED on, 3 rounds in one lease, main af929ae (chunk flow) and 9626c7f (five dispatches), P 512: union chunk flow - five dispatches, per round 10.14, 10.51, 10.37 (95 % t(2))	rig-log log/2026-09-26.md#uniondispatch-ab; bloomery-ee scratch wave-m6/ud-sit/depth.log	UD.ratio512	fixes f, the join-tail share of a steal block (the round's prior 0.1-0.5)
src_gemv_pair	33.81	33.81	33.81	us/chunk	measured	A6000 300 W, public Q3_K_M, plan (a), hot list 384, lcg P 512, CED on, bloomery afe86d5, nsys device timestamps (running clock ~2.0 GHz [derived]), layer 2: the gated compressor's two q3k_gemv (kv and gate)	rig-log log/2026-09-26.md#v41-prefill-nsys; nsyspp scratch an-pp512-box.txt		an ungated source (20) runs one of the two
anchor_union_ud512	66.73	66.73	66.73	ms/layer-batch	measured	union, P 512 CED on lcg, no hot list, main 9626c7f (five dispatches), 3 rounds 66.83, 67.17, 66.20	rig-log log/2026-09-26.md#uniondispatch-ab; bloomery-ee scratch wave-m6/ud-sit/depth.log	UD.new512.union	the band's structural alternative for X_u: today's code, measured only without the hot list
kv_append	4.75	4.75	4.75	us/chunk	measured	A6000 300 W, public Q3_K_M, plan (a), hot list 384, lcg P 512, CED on, bloomery afe86d5, nsys device timestamps (running clock ~2.0 GHz [derived]), layer 2: the kv append of attn_other (merge 21.21 + kv append 4.75 + commit 2.02)	rig-log log/2026-09-26.md#v41-prefill-nsys; nsyspp scratch an-pp512-box.txt		B1's latent-only chunks keep it per chunk; their norm, qkv and copy run per sub-block
clk_cardbound	1.124	1.124	1.131	ratio	derived	A6000 300 W, the B1 binary 75dadf84c752, P 512 CED on (19,232 block positions): card_out 22.05 on the prose prompt (card busy ~0.91 of the wall) against 19.61 on lcg (~0.44), card_proj 13.72 against 12.13 (1.131); routing moves neither kernel set	rig-log log/2026-09-26.md#b1-pp-ab; scratch cardin/run.log, b1pp2/run.log	B1.prose.card_out	the card's SM-bound kernels run slower when the card is busy most of the wall — an SM clock under the 300 W cap is the likely cause, not measured (no clock read inside a prompt); the per-slot grouped pair (DRAM-bound) matches without it; central predictions leave it out and the ladder's band carries it in proportion to the cell's card duty
prose_swap	1.847	1.847	1.847	ranks	derived	the prose prompt (corpus-prose.ids, first 512), hot list 384, plan (a), P 512 CED on: union_host_slots 52,189 over 19,232 block positions (the trace's own top 70 on layers 2-39 would leave 41,227)	rig-log log/2026-09-26.md#b1-pp-ab; scratch cardin/run.log	B1.prose.slots	a routing count, not a time: the card holds the trace's ranks [s, s + n_l) on layers 2-39
prose_phi	0.532	0.435	0.640	fraction	derived	the same prompt: union_lb 36.42 ms over its 52,189 host slots (27.9 us a slot; lcg's B1 row 28.0)	rig-log log/2026-09-26.md#b1-pp-ab; scratch cardin/run.log	B1.prose.union	the share of the host experts a 512-token prose window routes to, at rates / phi; phi 1 (the 50,000-token binomial) reads the union 44 ms; lo/hi fit the union -/+ the one-run ruler (4.46 %); superseded by prose_phi_five (flowg: the X_u of today's union, anchor_union_ud512), kept as the value the flowb1 predictions read
t_tile_T	44.97	34.79	54.30	us/(expert, 8-col tile)	derived	cardtile (T): the grouped gate-up + down per (card expert, 8-column tile) item: 5.3 [4.1-6.4] ms a layer-batch over the model's 117.9 lcg tiles (hot list 384, T 512, layers 2-39)	docs/research/cardnext-design-report.md 「2. grouped shadow」 '2.4 예측' row lcg		not built; the same rate puts prose-in at 13.1 ms (cardnext 14.6); issue-bound (e 0.45-0.70), so it takes clk_cardbound in the band; superseded by t_tile_ab (flowg: the same rate, the band the T A/B's card_in rows allow)
imma_lb	5.45	3.6	7.3	ms/layer-batch	derived	the grouped shadow through the IMMA gemm_q3k/gemm_q4k (BN 16/32 .. BN 64), prose T 512	docs/research/prefill-lit2-report.md 「grouped shadow 형상」 '예측[derived]', and the same report's 「4. 순위 목록 (상위 5)」 row 1		not built; float sum order changes (a user decision); scaled by T / 512, floored at the card experts' bytes once
expert_down_q5_bytes	8110080	8110080	8110080	B	derived	Q5_K down 5120 x 2304, 176 B a 256-value block	docs/facts.md 「이 모델에 실제로 들어 있는 것」 row Q5_K (13) (Q5_K on two layers' down); docs/plan-ledger.md 「「지금」에서 옮긴 것 (2026-09-23)」 row b5host ('0·1층 q5_K') (layers 0 and 1)		a layer-0/1 expert is 18,247,680 B, the ring's largest slot (ring_slot_bytes rounds it)
vram_free_load	1387266048	1387266048	1387266048	B	measured	A6000 plan (a), public Q3_K_M, 1,000 steps, BLOOMERY_STEP_STATS=1: vram_free_load = vram_free_min, before the prompt batch's buffers existed	rig-log log/2026-09-24.md (E8 VRAM)		the card's free bytes after load; the batch buffers and any ring come out of it; the G 1 batch's free bytes are measured since (vram_free_g1)
batch_bytes_g1	444225148	444225148	444225148	B	measured	gate-gpu-ds41-prefill loaded line after cardtile (237321a) and attndead: batch buffers 444,225,148 B (attention projections 101,119,012 B)	specs wave-m6 report-attndead.md 「2. 증명과 게이트 (실제 출력)」 'batch buffers 444225148 B' (the round's gate output)		free after the G 1 batch = vram_free_load - this, if nothing else in the load moved since E8 [derived]; the prefillgroup lease's load line reads batch_bytes=428,993,152 on the timing placement (vram_free_g1 supersedes the difference)
set_bytes_fixed	113426432	113426432	113426432	B	derived	one more batch's own buffers in a group: hc pair 2 x 512 x 4 x 5120 x 4 + folds pair 2 x 512 x 5120 x 4 + lists 65 x 8 x 8 x 512 x 4 + the ffn hc mix 512 x 24 x 4	prefillgroup worktree body/prefill.rs BatchSet (uncommitted); docs/research/cardnext-design-report.md 「1. G 스케줄러」 '1.3 메모리' ('고정분 113.4 MB')		per set, beside set_bytes_shared
set_bytes_shared	13000000	400000	25600000	B	derived	a set's share of the buffers laid out a batch at a time: params and word rows (<= 12.6 MB each: 65 chunk images) and rope tables (~0.4 MB)	docs/research/cardnext-design-report.md 「1. G 스케줄러」 '1.2 버퍼는 네 부류입니다' row with 'AttnChain 청크 word 행', '1.3 메모리' ('상한분 ≤ 25.6 MB') (<= 12.6 + <= 12.6 + ~0.4 MB)		central = the bounds' midpoint (not a measurement); the prefillgroup load line's group_bytes= measures it; the G 2 load line measured the whole set (group_bytes_g2): group_bytes reads that, these bounds stay as its lo/hi
fill_crossings_direct	1	1	1	crossings	derived	the fill as one DMA read of a registered (pinned) copy of the streamed ranks: no mapping read, no ring write, no fill threads	notes-hoststream (specs wave-m6): cuMemHostRegister on an anonymous mmap SUCCESS, H2D 26.25 GB/s; a registered copy replaces, not duplicates, file pages		a design variant (fill 'direct'), priced beside fill_crossings; the RAM it pins is the streamed ranks' bytes
decode_us_card_expert	2.5	2.5	2.5	us/step/expert	derived	decode step cost of one card expert moved to the host, the 2,067 -> 2,668 card-expert interval of the budget curve	docs/research/hoststream-recal-report.md 「6. 스펙 밖 개선 여지」 '기울기 2.5 µs/전문가'		prices a ring taken from resident card experts (not a borrowed one)
decode_tok_s	42.9	42.9	42.9	tok/s	derived	A6000 plan (a) decode, the budget curve's 41 GB end	docs/research/hoststream-design-report.md 「1. 시간선」 '42.9 → 40.3'		the base the ring's decode loss is a percentage of
l2_bytes	6291456	6291456	6291456	B	derived	A6000 (GA102) L2, 6,144 KB	docs/research/q3flashlit-design-report.md 「7. 출처, 편차, 모델」 'L2 6,144 KB' (whitepaper ga102.txt:355)		T's GT sweep spills its activation re-reads to DRAM past it (l2_miss)
tile_inst_fix	84	84	84	inst/iteration	derived	SASS instructions a row iteration of T's m-column cores, the part that does not grow with m (m = 1 issues 113, not 108)	specs wave-m6 report-cardinread.md section 1 (scratch cardinread/sass.py on the cardtile SASS)		an item of m columns issues tile_inst_fix + tile_inst_col x m; the m = 1 excess (5 of 108) is left out
tile_inst_col	24	24	24	inst/iteration/column	derived	SASS instructions a row iteration adds per column	specs wave-m6 report-cardinread.md section 1 (scratch cardinread/sass.py)		prose's m 7.0 items cost x1.13 lcg's m 5.8 ones (cardinread's m mix)
tile_cal_tiles	117.9	117.9	117.9	items/layer-batch	derived	the lcg layer t_tile_T was derived on: hot list 384, T 512, (card expert, 8-column tile) items	docs/research/cardnext-design-report.md 「2. grouped shadow」 '2.4 예측' row lcg (5.3 ms over the model's 117.9 lcg tiles; constants t_tile_T)		with tile_cal_slots: the calibration's m mix, 5.89 columns an item
tile_cal_slots	694	694	694	card slots/layer-batch	derived	the same layer's card slots, S = 694 [lcg model]	docs/research/cardnext-design-report.md 「2. grouped shadow」 '2.2 유닛별 수요 대 스텝' (S = 694)		
clk_tile_prose	1.026	1.0	1.029	ratio	derived	A6000 300 W, prose P 512, hot list 384, the cardtile binary's tile arm (card busy ~0.73 of the wall): card_out 20.125 against B1 lcg's 19.61 (P 4096: 22.53 / 21.90 = 1.029); the expert arm of the same lease 22.165 / 19.61 = 1.130 (clk_cardbound 1.124)	rig-log log/2026-09-26.md#cardtile-ab, #b1-pp-ab; scratch cardab/run.log:152, :432, :232, :352	CT.p512.tile.card_out	the card-bound clock's middle point: the ratio is flat to ~0.73 duty and steep after (clk_at, piecewise); lo 1.0: the tile arm and the lcg rows are two leases (the prefillgroup lease's lcg card_out read 21.70 against B1's 21.90)
prose_phi_five	0.4827	0.3948	0.5856	fraction	derived	the prose prompt (corpus-prose.ids, first 512): union_lb 36.42 ms over its 52,189 host slots, refit under the five-dispatch flow's own X_u (anchor_union_ud512)	rig-log log/2026-09-26.md#b1-pp-ab; scratch cardin/run.log	B1.prose.union	supersedes prose_phi (fitted under the chunk flow's X_u carried over); lo/hi fit the union -/+ the one-run ruler (4.46 %)
prose_swap_4096	3.340	3.340	3.340	ranks	derived	the prose prompt's first 4,096 ids, hot list 384, plan (a), CED on: union_host_slots 325,368 over 106,400 block positions (P 512: 52,189 over 19,232)	rig-log log/2026-09-26.md#cardtile-ab; scratch cardab/run.log:230, :270, :350, :390	CT.p4096.slots	a routing count: the card holds the trace's ranks [s, s + n_l) on layers 2-39 over the longer prompt
prose_phi_4096	0.3824	0.2953	0.4873	fraction	derived	the same prompt at P 4096: union_lb 39.07 ms (tile 39.19, 39.08; expert 39.10, 38.92) over 325,368 host slots, refit under anchor_union_ud512's X_u	rig-log log/2026-09-26.md#cardtile-ab; scratch cardab/run.log:232, :272, :352, :392	CT.p4096.union	lo/hi fit the union -/+ the four-run ruler
vram_free_g1	1020264448	1020264448	1020264448	B	measured	A6000 plan (a), public Q3_K_M, generate_ds41 of e690f54 and efc202f, G 1: vram_free_load after the load and the G 1 batch buffers (G 2 reads 783,286,272, group_bytes 238,191,200)	rig-log log/2026-09-26.md#prefillgroup-ab; scratch gab/run.log:193, :233; cardab/run.log:154		supersedes vram_free_load - batch_bytes_g1 (943,040,900 derived: E8's free bytes less attndead's gate batch)
group_bytes_g2	238191200	238191200	238191200	B	measured	the same binary's load line at BLOOMERY_PREFILL_GROUP=2: prefill group_bytes=238,191,200 (three sets, two of them extra)	rig-log log/2026-09-26.md#prefillgroup-ab; scratch gab/run.log:147, :267		per extra set 119,095,600 B; group_bytes carries it to other G (sets - 1 extra sets), which assumes a set's share does not move with G [derived]
t_tile_ab	44.97	41.09	48.85	us/(expert, 8-col tile)	derived	one T item at cardnext's lcg mix (5.89 columns an item): t_tile_T's rate, which T's A/B card_in rows validate with no fit (prose P 512 -0.8 %, P 4096 -0.6 %, lcg no hot list P 4096 -3.4 %) once tile_kappa scales the m mix and l2_miss adds GT's spill	rig-log log/2026-09-26.md#cardtile-ab, #prefillgroup-ab; docs/research/cardnext-design-report.md 「2. grouped shadow」 '2.4 예측' row prose-in		supersedes t_tile_T's band (cardnext's e 0.45-0.70): lo/hi = the rows' ruler, 4.38 %, over the items' compute share of the prose P 512 card_in (11.66 of 22.95 ms), +-8.6 %; lcg's -3.4 % is the empty-block candidate, not this rate
dc_q8k_down	2.24	1.31	2.62	us	derived	the host down's per-column cost with q8_K activations in place of q8_2_x4 (mainline's Q4_K vec_dot_type, ~27 instructions a 256 MAC against the tile's 97 half-units = 48.5): r8_kappa x 5,120 rows x 9 super-blocks x (97 - 54) half-units = 1.981 Mhu a column	docs/plan-triage.md 「사용자 결정 대기」, the down q8_K item; crates/model/src/ops.rs tile_units Q4_K (96, 97); docs/research/h3tile-b-design-report.md §3 Part A (~27 instructions)		a lever, not built (bits change: the user's decision in plan-triage 「사용자 결정 대기」); subtracted from the r8 law's c. The 27 instructions are mainline's count (the design report), not our q8_K tile's: lo/hi [assumed] r8_kappa's lo with 28 and its hi with 47 saved half-units a row super-block (65-110 % of 43); the old 3.6 [2.5-4.5] was 22.6 % of the h3tile design's c 15.9, a slope the r8 law no longer has
batchwide_ratio	0.516	0.40	0.65	fraction	derived	the shadow's per-chunk kernels (shexp gate-up mcol, q4k down mcol, hc_pre, copies) at batch width, as the fraction of their chunk-loop time	B1's own ratio on the same m-column cores: the chunk loop's projections + small kernels 19.64 + 3.88 ms a layer-batch (nsys, afe86d5, the flow model's nsys row) -> B1's card_proj 12.13 (rig-log 09-26#b1-pp-ab): 0.516; docs/research/cardnext-design-report.md §6 (the 7.3 ms/lb per-chunk shadow)		a lever, not built (DS2, docs/rebuild.md §B); lo/hi [assumed] +-0.12
