# Qwen3.8 step model: every constant tools/flow/q38_step.py reads, one per row. Machine rows carry the prefix a6000. or 5090.;
# a row without one is common. kind: measured (a recorded run), derived (arithmetic on recorded numbers, code or datasheets), assumed
# (no record; the tornado's inputs). anchor: the backtest row or anchor set a value was taken from; that row is not scored against it.
# Rows tagged prose come from the one Qwen3.8 route trace there is (prose); no chat trace exists.
name	value	lo	hi	unit	kind	conditions	source	anchor	note
n_layer	48	48	48	layers	derived	Qwen3.8-Flash-Next	crates/gpu/src/arch/qwen3moe/plan38.rs geo; docs/research/qwen4arch-design.md §2 (UD-Q4_K_XL header)		
n_qsa	12	12	12	layers	derived	the selecting-attention layers (compress_ratios > 0), the rest gated DeltaNet	docs/research/qwen4arch-design.md §2 compress row, §4 coverage list (12 QSA layers)		
n_expert	512	512	512	experts/layer	derived		crates/gpu/src/arch/qwen3moe/plan38.rs geo; docs/research/qwen4arch-design.md §2 (UD-Q4_K_XL header)		
top_k	10	10	10	slots/token	derived		crates/gpu/src/arch/qwen3moe/plan38.rs geo; docs/research/qwen4arch-design.md §2 (UD-Q4_K_XL header)		
hidden	2560	2560	2560	values	derived		crates/gpu/src/arch/qwen3moe/plan38.rs geo; docs/research/qwen4arch-design.md §2 (UD-Q4_K_XL header)		
expert_b	3133867	3072000	3368000	B	derived	the mean routed expert of UD-Q4_K_XL: 77,017,907,200 B over 24,576	docs/research/qwen4arch-design.md §5 bytes table; lo the common Q4_K/Q5_1 layer, hi a Q8_0-down layer		
expert_b_q4	3072000	3072000	3072000	B	derived	the common layer kind (Q4_K gate, up 921,600 each + Q5_1 down 1,228,800), the walk's expert_b	crates/runtime/src/xsplit.rs tests a6000(); qwen4arch-design.md §5		
dense_front_b	81334347	81334347	81334347	B/layer	derived	a layer's card dense bytes but the shared expert: (4,830,154,240 - head 675,430,400 - 48 x 5,222,400) / 48	docs/research/qwen4arch-design.md §5 '카드 dense 바이트/토큰' (incl. the F32 router)		
shared_b	5222400	5222400	5222400	B/layer	derived	Q8_0 3 x 2560 x 640 x 34/32	qwen4arch-design.md §4 '공유 expert ... 5.22 MB/층'		
head_b	675430400	675430400	675430400	B	derived	Q8_0 output 248,320 x 2560	qwen4arch-design.md §5		
kv_b_pos	2048	2048	2048	B/position/QSA layer	derived	K and V f16, 2 kv heads x 256	qwen4arch-design.md §4 GQA row (24,576 n B a token over 12 layers)		
idx_b_pos	64	64	64	B/position/QSA layer	derived	the pooled indexer key f16, 128 values a 4-token block	qwen4arch-design.md §4 '풀링 캐시 768 n B/토큰(f16)' over 12 layers		
qsa_select	2051	2051	2051	positions	derived	top 512 blocks + tail: positions 0..2050 select every key	qwen4arch-design.md §3 C		
mtp_dense_b	8532140	8532140	8532140	B	derived	the draft layer's own card bytes but its experts and head list: 2,860,658,860 - 512 x 5,222,400 - 178,257,920	rig-log specs/leader/tape028/cand-a.log 'load draft=mtp ... card_bytes=2860658860' (0.2.8 serve, A6000)		
mtp_expert_b	5222400	5222400	5222400	B	derived	a Q8_0 draft expert, ten a walk	rig-log 2026-09-30 #q38mtp-wide ('드래프트의 expert 512개(Q8_0, 2.67 GB)')		
draft_experts	933	913	933	experts	derived	target card experts the draft's 2.86..2.91 GB displaces	docs/plan-triage.md 'The draft holds 933 card experts'; lo 2,860,658,860 / 3,133,867		
ubatch_max	4096	4096	4096	rows	derived	prefill=auto ubatch=4096 on every plan a/bp load	tape028/cand-a.log load line; issue1-comments.md 5090 load line		
bw_a6000_gbs	674	674	674	GB/s	measured	A6000 large launches, the rate the anchors' byte parts are taken at	tools/flow/constants.tsv bw_card (docs/plan.md 비용 모델 BW(큰 런치))	Adec	
front_us_a6000	194	180	205	us/layer	derived	A6000 decode, depth ~6..512: the mixes, the mixer, the router, the handoff and go (C_front / 48)	docs/cards/q38legs-tg.card ('card front 194 us'); docs/cards/q38bpbug-ab.card resource timeline ('A6000 front ~194 us')	Adec	
shared_us_a6000	24	20	28	us/layer	derived	A6000, the shared expert's four launches at one row	docs/cards/q38legs-tg.card ('shared expert 24 us')	Adec	
leg_launch_us_a6000	14	10	18	us/layer	derived	A6000, the card leg's five launches beside its experts' bytes	docs/cards/q38legs-tg.card ('the leg's five launches 14 us')	Adec	
back_us_a6000	30.5	25	36	us/layer	derived	A6000: the wait and the combine; 226.5 (host signal to next go, measured) - 194 front - 2 signal latency	docs/cards/q38bpbug-ab.card ('gap 226.5 (host signal to next go)', functional records f2593a62)	Adec	
step_out_ms_a6000	1.66	1.6	1.73	ms/step	derived	A6000, a step outside its 48 layers (embedding, head 675 MB, argmax, launch, readback)	docs/cards/q38bpbug-ab.card ('a 16.33 ms = 48 x 305.6 us + 1.66')	Adec	
tier_out_us	70	50	90	us/step	derived	place bp: the step outside the layers over a's	docs/cards/q38bpbug-ab.card ('bp's step cost outside the layers +70 us over a's')	Adec	
tier_fixed_us	44.8	40	50	us/layer	derived	the 3090 tier leg's fixed part after the q38bpbug fix (copies in, launches, rows out, signal)	docs/cards/q38bpbug-ab.card ('44.8 us fixed + 0.0874 us an expert')	Adec	
tier_slot_us	4.47	3.8	5.5	us/slot	derived	one tier slot's expert bytes on the 3090: 0.0874 us per held expert x 512 / 10	docs/cards/q38bpbug-ab.card	Adec	
a6000.handoff_us	4.0	2.0	8.0	us/layer	assumed	the go's visibility to the spinning host plus the signal's to the card's wait (PCIe 4.0, native Linux)	no record separates it; q38bpbug-ab's 305.6 us period fits 194 + 79.1 + 30.5 + 2..4		
verify_row_frac	0.5687	0.1	0.9	of a row's card latency	derived	A6000: each verify row past the first adds this share of a layer's card latency parts (front, shared, back, out)	solved by calibrate() on Amtp: docs/cards/q38head-ab.card + rig-log 2026-10-01 #q38head-ab (pass 36.13 ms, 65,536-row head, P 512, f826ae60) at 131.75 host slots a row (rig-log 2026-10-01 #q38hol-ab functional 527 a pass)	Amtp	the band is the solver's range; re-solved by the tornado
mtp_walk_lat_us	250	150	400	us/walk	assumed	A6000: one draft walk's launches (~60 at ~4 us)	no record; absorbed by verify_row_frac at the Amtp anchor		
mtp_readback_us	50	20	100	us/window	assumed	the draft chain's one readback	no record		
window_host_us	300	100	600	us/window	assumed	the host's work a window: acceptance, commit, the next draft's inputs	no record; absorbed by verify_row_frac at Amtp		
a6000.miss_dispersion	1.9441	1.0	3.0	x binomial	derived	prose; the variance of a layer's host slots a row over the binomial's at 12567 card experts, mid rule	the q38-prose route trace (specs/leader/resclock/traces/q38-prose: 8 prose contexts, 512 prompt + 256 greedy rows each, A6000 plan a, generate_qwen3moe --prefill step), replayed by q38_step.py --replay through tools/ref/router-residency.py (Rule mid, replay d 2 spares 1, belady, static_hits) over all 48 layers		
a6000.union_all_w2	0.8424	0.5	1.0	of 10 w	derived	prose; distinct experts a layer in 2 consecutive decode rows	the q38-prose route trace (specs/leader/resclock/traces/q38-prose: 8 prose contexts, 512 prompt + 256 greedy rows each, A6000 plan a, generate_qwen3moe --prefill step), replayed by q38_step.py --replay through tools/ref/router-residency.py (Rule mid, replay d 2 spares 1, belady, static_hits) over all 48 layers		
a6000.union_miss_w2	0.9373	0.5	1.0	of misses	derived	prose; distinct host experts over the window's host slots, mid rule at 12567	the q38-prose route trace (specs/leader/resclock/traces/q38-prose: 8 prose contexts, 512 prompt + 256 greedy rows each, A6000 plan a, generate_qwen3moe --prefill step), replayed by q38_step.py --replay through tools/ref/router-residency.py (Rule mid, replay d 2 spares 1, belady, static_hits) over all 48 layers		
a6000.union_all_w3	0.7627	0.5	1.0	of 10 w	derived	prose; distinct experts a layer in 3 consecutive decode rows	the q38-prose route trace (specs/leader/resclock/traces/q38-prose: 8 prose contexts, 512 prompt + 256 greedy rows each, A6000 plan a, generate_qwen3moe --prefill step), replayed by q38_step.py --replay through tools/ref/router-residency.py (Rule mid, replay d 2 spares 1, belady, static_hits) over all 48 layers		
a6000.union_miss_w3	0.9064	0.5	1.0	of misses	derived	prose; distinct host experts over the window's host slots, mid rule at 12567	the q38-prose route trace (specs/leader/resclock/traces/q38-prose: 8 prose contexts, 512 prompt + 256 greedy rows each, A6000 plan a, generate_qwen3moe --prefill step), replayed by q38_step.py --replay through tools/ref/router-residency.py (Rule mid, replay d 2 spares 1, belady, static_hits) over all 48 layers		
a6000.union_all_w4	0.7062	0.5	1.0	of 10 w	derived	prose; distinct experts a layer in 4 consecutive decode rows	the q38-prose route trace (specs/leader/resclock/traces/q38-prose: 8 prose contexts, 512 prompt + 256 greedy rows each, A6000 plan a, generate_qwen3moe --prefill step), replayed by q38_step.py --replay through tools/ref/router-residency.py (Rule mid, replay d 2 spares 1, belady, static_hits) over all 48 layers		
a6000.union_miss_w4	0.8839	0.5	1.0	of misses	derived	prose; distinct host experts over the window's host slots, mid rule at 12567	the q38-prose route trace (specs/leader/resclock/traces/q38-prose: 8 prose contexts, 512 prompt + 256 greedy rows each, A6000 plan a, generate_qwen3moe --prefill step), replayed by q38_step.py --replay through tools/ref/router-residency.py (Rule mid, replay d 2 spares 1, belady, static_hits) over all 48 layers		
3090.miss_dispersion	2.4621	1.0	3.0	x binomial	derived	prose; the variance of a layer's host slots a row over the binomial's at 3336 card experts, mid rule	the q38-prose route trace (specs/leader/resclock/traces/q38-prose: 8 prose contexts, 512 prompt + 256 greedy rows each, A6000 plan a, generate_qwen3moe --prefill step), replayed by q38_step.py --replay through tools/ref/router-residency.py (Rule mid, replay d 2 spares 1, belady, static_hits) over all 48 layers		
3090.union_all_w2	0.8424	0.5	1.0	of 10 w	derived	prose; distinct experts a layer in 2 consecutive decode rows	the q38-prose route trace (specs/leader/resclock/traces/q38-prose: 8 prose contexts, 512 prompt + 256 greedy rows each, A6000 plan a, generate_qwen3moe --prefill step), replayed by q38_step.py --replay through tools/ref/router-residency.py (Rule mid, replay d 2 spares 1, belady, static_hits) over all 48 layers		
3090.union_miss_w2	0.9116	0.5	1.0	of misses	derived	prose; distinct host experts over the window's host slots, mid rule at 3336	the q38-prose route trace (specs/leader/resclock/traces/q38-prose: 8 prose contexts, 512 prompt + 256 greedy rows each, A6000 plan a, generate_qwen3moe --prefill step), replayed by q38_step.py --replay through tools/ref/router-residency.py (Rule mid, replay d 2 spares 1, belady, static_hits) over all 48 layers		
3090.union_all_w3	0.7627	0.5	1.0	of 10 w	derived	prose; distinct experts a layer in 3 consecutive decode rows	the q38-prose route trace (specs/leader/resclock/traces/q38-prose: 8 prose contexts, 512 prompt + 256 greedy rows each, A6000 plan a, generate_qwen3moe --prefill step), replayed by q38_step.py --replay through tools/ref/router-residency.py (Rule mid, replay d 2 spares 1, belady, static_hits) over all 48 layers		
3090.union_miss_w3	0.8675	0.5	1.0	of misses	derived	prose; distinct host experts over the window's host slots, mid rule at 3336	the q38-prose route trace (specs/leader/resclock/traces/q38-prose: 8 prose contexts, 512 prompt + 256 greedy rows each, A6000 plan a, generate_qwen3moe --prefill step), replayed by q38_step.py --replay through tools/ref/router-residency.py (Rule mid, replay d 2 spares 1, belady, static_hits) over all 48 layers		
3090.union_all_w4	0.7062	0.5	1.0	of 10 w	derived	prose; distinct experts a layer in 4 consecutive decode rows	the q38-prose route trace (specs/leader/resclock/traces/q38-prose: 8 prose contexts, 512 prompt + 256 greedy rows each, A6000 plan a, generate_qwen3moe --prefill step), replayed by q38_step.py --replay through tools/ref/router-residency.py (Rule mid, replay d 2 spares 1, belady, static_hits) over all 48 layers		
3090.union_miss_w4	0.8357	0.5	1.0	of misses	derived	prose; distinct host experts over the window's host slots, mid rule at 3336	the q38-prose route trace (specs/leader/resclock/traces/q38-prose: 8 prose contexts, 512 prompt + 256 greedy rows each, A6000 plan a, generate_qwen3moe --prefill step), replayed by q38_step.py --replay through tools/ref/router-residency.py (Rule mid, replay d 2 spares 1, belady, static_hits) over all 48 layers		
5090.miss_dispersion	2.3804	1.0	3.0	x binomial	derived	prose; the variance of a layer's host slots a row over the binomial's at 5482 card experts, mid rule	the q38-prose route trace (specs/leader/resclock/traces/q38-prose: 8 prose contexts, 512 prompt + 256 greedy rows each, A6000 plan a, generate_qwen3moe --prefill step), replayed by q38_step.py --replay through tools/ref/router-residency.py (Rule mid, replay d 2 spares 1, belady, static_hits) over all 48 layers		
5090.union_all_w2	0.8424	0.5	1.0	of 10 w	derived	prose; distinct experts a layer in 2 consecutive decode rows	the q38-prose route trace (specs/leader/resclock/traces/q38-prose: 8 prose contexts, 512 prompt + 256 greedy rows each, A6000 plan a, generate_qwen3moe --prefill step), replayed by q38_step.py --replay through tools/ref/router-residency.py (Rule mid, replay d 2 spares 1, belady, static_hits) over all 48 layers		
5090.union_miss_w2	0.9229	0.5	1.0	of misses	derived	prose; distinct host experts over the window's host slots, mid rule at 5482	the q38-prose route trace (specs/leader/resclock/traces/q38-prose: 8 prose contexts, 512 prompt + 256 greedy rows each, A6000 plan a, generate_qwen3moe --prefill step), replayed by q38_step.py --replay through tools/ref/router-residency.py (Rule mid, replay d 2 spares 1, belady, static_hits) over all 48 layers		
5090.union_all_w3	0.7627	0.5	1.0	of 10 w	derived	prose; distinct experts a layer in 3 consecutive decode rows	the q38-prose route trace (specs/leader/resclock/traces/q38-prose: 8 prose contexts, 512 prompt + 256 greedy rows each, A6000 plan a, generate_qwen3moe --prefill step), replayed by q38_step.py --replay through tools/ref/router-residency.py (Rule mid, replay d 2 spares 1, belady, static_hits) over all 48 layers		
5090.union_miss_w3	0.8843	0.5	1.0	of misses	derived	prose; distinct host experts over the window's host slots, mid rule at 5482	the q38-prose route trace (specs/leader/resclock/traces/q38-prose: 8 prose contexts, 512 prompt + 256 greedy rows each, A6000 plan a, generate_qwen3moe --prefill step), replayed by q38_step.py --replay through tools/ref/router-residency.py (Rule mid, replay d 2 spares 1, belady, static_hits) over all 48 layers		
5090.union_all_w4	0.7062	0.5	1.0	of 10 w	derived	prose; distinct experts a layer in 4 consecutive decode rows	the q38-prose route trace (specs/leader/resclock/traces/q38-prose: 8 prose contexts, 512 prompt + 256 greedy rows each, A6000 plan a, generate_qwen3moe --prefill step), replayed by q38_step.py --replay through tools/ref/router-residency.py (Rule mid, replay d 2 spares 1, belady, static_hits) over all 48 layers		
5090.union_miss_w4	0.8569	0.5	1.0	of misses	derived	prose; distinct host experts over the window's host slots, mid rule at 5482	the q38-prose route trace (specs/leader/resclock/traces/q38-prose: 8 prose contexts, 512 prompt + 256 greedy rows each, A6000 plan a, generate_qwen3moe --prefill step), replayed by q38_step.py --replay through tools/ref/router-residency.py (Rule mid, replay d 2 spares 1, belady, static_hits) over all 48 layers		
hit_static_3336	0.1505	0.1505	0.1505	of slots	derived	prose; static (id-prefix seed) at 3336 card experts spread over 48 layers, decode rows	the q38-prose route trace (specs/leader/resclock/traces/q38-prose: 8 prose contexts, 512 prompt + 256 greedy rows each, A6000 plan a, generate_qwen3moe --prefill step), replayed by q38_step.py --replay through tools/ref/router-residency.py (Rule mid, replay d 2 spares 1, belady, static_hits) over all 48 layers		
hit_mid_3336	0.6551	0.6551	0.6551	of slots	derived	prose; mid (id-prefix seed) at 3336 card experts spread over 48 layers, decode rows	the q38-prose route trace (specs/leader/resclock/traces/q38-prose: 8 prose contexts, 512 prompt + 256 greedy rows each, A6000 plan a, generate_qwen3moe --prefill step), replayed by q38_step.py --replay through tools/ref/router-residency.py (Rule mid, replay d 2 spares 1, belady, static_hits) over all 48 layers		
hit_belady_3336	0.8521	0.8521	0.8521	of slots	derived	prose; belady (id-prefix seed) at 3336 card experts spread over 48 layers, decode rows	the q38-prose route trace (specs/leader/resclock/traces/q38-prose: 8 prose contexts, 512 prompt + 256 greedy rows each, A6000 plan a, generate_qwen3moe --prefill step), replayed by q38_step.py --replay through tools/ref/router-residency.py (Rule mid, replay d 2 spares 1, belady, static_hits) over all 48 layers		
hit_static_4269	0.1907	0.1907	0.1907	of slots	derived	prose; static (id-prefix seed) at 4269 card experts spread over 48 layers, decode rows	the q38-prose route trace (specs/leader/resclock/traces/q38-prose: 8 prose contexts, 512 prompt + 256 greedy rows each, A6000 plan a, generate_qwen3moe --prefill step), replayed by q38_step.py --replay through tools/ref/router-residency.py (Rule mid, replay d 2 spares 1, belady, static_hits) over all 48 layers		
hit_mid_4269	0.7186	0.7186	0.7186	of slots	derived	prose; mid (id-prefix seed) at 4269 card experts spread over 48 layers, decode rows	the q38-prose route trace (specs/leader/resclock/traces/q38-prose: 8 prose contexts, 512 prompt + 256 greedy rows each, A6000 plan a, generate_qwen3moe --prefill step), replayed by q38_step.py --replay through tools/ref/router-residency.py (Rule mid, replay d 2 spares 1, belady, static_hits) over all 48 layers		
hit_belady_4269	0.888	0.888	0.888	of slots	derived	prose; belady (id-prefix seed) at 4269 card experts spread over 48 layers, decode rows	the q38-prose route trace (specs/leader/resclock/traces/q38-prose: 8 prose contexts, 512 prompt + 256 greedy rows each, A6000 plan a, generate_qwen3moe --prefill step), replayed by q38_step.py --replay through tools/ref/router-residency.py (Rule mid, replay d 2 spares 1, belady, static_hits) over all 48 layers		
hit_static_5482	0.2446	0.2446	0.2446	of slots	derived	prose; static (id-prefix seed) at 5482 card experts spread over 48 layers, decode rows	the q38-prose route trace (specs/leader/resclock/traces/q38-prose: 8 prose contexts, 512 prompt + 256 greedy rows each, A6000 plan a, generate_qwen3moe --prefill step), replayed by q38_step.py --replay through tools/ref/router-residency.py (Rule mid, replay d 2 spares 1, belady, static_hits) over all 48 layers		
hit_mid_5482	0.7797	0.7797	0.7797	of slots	derived	prose; mid (id-prefix seed) at 5482 card experts spread over 48 layers, decode rows	the q38-prose route trace (specs/leader/resclock/traces/q38-prose: 8 prose contexts, 512 prompt + 256 greedy rows each, A6000 plan a, generate_qwen3moe --prefill step), replayed by q38_step.py --replay through tools/ref/router-residency.py (Rule mid, replay d 2 spares 1, belady, static_hits) over all 48 layers		
hit_belady_5482	0.9204	0.9204	0.9204	of slots	derived	prose; belady (id-prefix seed) at 5482 card experts spread over 48 layers, decode rows	the q38-prose route trace (specs/leader/resclock/traces/q38-prose: 8 prose contexts, 512 prompt + 256 greedy rows each, A6000 plan a, generate_qwen3moe --prefill step), replayed by q38_step.py --replay through tools/ref/router-residency.py (Rule mid, replay d 2 spares 1, belady, static_hits) over all 48 layers		
hit_static_6415	0.283	0.283	0.283	of slots	derived	prose; static (id-prefix seed) at 6415 card experts spread over 48 layers, decode rows	the q38-prose route trace (specs/leader/resclock/traces/q38-prose: 8 prose contexts, 512 prompt + 256 greedy rows each, A6000 plan a, generate_qwen3moe --prefill step), replayed by q38_step.py --replay through tools/ref/router-residency.py (Rule mid, replay d 2 spares 1, belady, static_hits) over all 48 layers		
hit_mid_6415	0.8151	0.8151	0.8151	of slots	derived	prose; mid (id-prefix seed) at 6415 card experts spread over 48 layers, decode rows	the q38-prose route trace (specs/leader/resclock/traces/q38-prose: 8 prose contexts, 512 prompt + 256 greedy rows each, A6000 plan a, generate_qwen3moe --prefill step), replayed by q38_step.py --replay through tools/ref/router-residency.py (Rule mid, replay d 2 spares 1, belady, static_hits) over all 48 layers		
hit_belady_6415	0.9381	0.9381	0.9381	of slots	derived	prose; belady (id-prefix seed) at 6415 card experts spread over 48 layers, decode rows	the q38-prose route trace (specs/leader/resclock/traces/q38-prose: 8 prose contexts, 512 prompt + 256 greedy rows each, A6000 plan a, generate_qwen3moe --prefill step), replayed by q38_step.py --replay through tools/ref/router-residency.py (Rule mid, replay d 2 spares 1, belady, static_hits) over all 48 layers		
hit_static_6810	0.2967	0.2967	0.2967	of slots	derived	prose; static (id-prefix seed) at 6810 card experts spread over 48 layers, decode rows	the q38-prose route trace (specs/leader/resclock/traces/q38-prose: 8 prose contexts, 512 prompt + 256 greedy rows each, A6000 plan a, generate_qwen3moe --prefill step), replayed by q38_step.py --replay through tools/ref/router-residency.py (Rule mid, replay d 2 spares 1, belady, static_hits) over all 48 layers		
hit_mid_6810	0.8277	0.8277	0.8277	of slots	derived	prose; mid (id-prefix seed) at 6810 card experts spread over 48 layers, decode rows	the q38-prose route trace (specs/leader/resclock/traces/q38-prose: 8 prose contexts, 512 prompt + 256 greedy rows each, A6000 plan a, generate_qwen3moe --prefill step), replayed by q38_step.py --replay through tools/ref/router-residency.py (Rule mid, replay d 2 spares 1, belady, static_hits) over all 48 layers		
hit_belady_6810	0.9443	0.9443	0.9443	of slots	derived	prose; belady (id-prefix seed) at 6810 card experts spread over 48 layers, decode rows	the q38-prose route trace (specs/leader/resclock/traces/q38-prose: 8 prose contexts, 512 prompt + 256 greedy rows each, A6000 plan a, generate_qwen3moe --prefill step), replayed by q38_step.py --replay through tools/ref/router-residency.py (Rule mid, replay d 2 spares 1, belady, static_hits) over all 48 layers		
hit_static_11569	0.4926	0.4926	0.4926	of slots	derived	prose; static (id-prefix seed) at 11569 card experts spread over 48 layers, decode rows	the q38-prose route trace (specs/leader/resclock/traces/q38-prose: 8 prose contexts, 512 prompt + 256 greedy rows each, A6000 plan a, generate_qwen3moe --prefill step), replayed by q38_step.py --replay through tools/ref/router-residency.py (Rule mid, replay d 2 spares 1, belady, static_hits) over all 48 layers		
hit_mid_11569	0.9195	0.9195	0.9195	of slots	derived	prose; mid (id-prefix seed) at 11569 card experts spread over 48 layers, decode rows	the q38-prose route trace (specs/leader/resclock/traces/q38-prose: 8 prose contexts, 512 prompt + 256 greedy rows each, A6000 plan a, generate_qwen3moe --prefill step), replayed by q38_step.py --replay through tools/ref/router-residency.py (Rule mid, replay d 2 spares 1, belady, static_hits) over all 48 layers		
hit_belady_11569	0.983	0.983	0.983	of slots	derived	prose; belady (id-prefix seed) at 11569 card experts spread over 48 layers, decode rows	the q38-prose route trace (specs/leader/resclock/traces/q38-prose: 8 prose contexts, 512 prompt + 256 greedy rows each, A6000 plan a, generate_qwen3moe --prefill step), replayed by q38_step.py --replay through tools/ref/router-residency.py (Rule mid, replay d 2 spares 1, belady, static_hits) over all 48 layers		
hit_static_12567	0.5307	0.5307	0.5307	of slots	derived	prose; static (id-prefix seed) at 12567 card experts spread over 48 layers, decode rows	the q38-prose route trace (specs/leader/resclock/traces/q38-prose: 8 prose contexts, 512 prompt + 256 greedy rows each, A6000 plan a, generate_qwen3moe --prefill step), replayed by q38_step.py --replay through tools/ref/router-residency.py (Rule mid, replay d 2 spares 1, belady, static_hits) over all 48 layers		
hit_mid_12567	0.9307	0.9307	0.9307	of slots	derived	prose; mid (id-prefix seed) at 12567 card experts spread over 48 layers, decode rows	the q38-prose route trace (specs/leader/resclock/traces/q38-prose: 8 prose contexts, 512 prompt + 256 greedy rows each, A6000 plan a, generate_qwen3moe --prefill step), replayed by q38_step.py --replay through tools/ref/router-residency.py (Rule mid, replay d 2 spares 1, belady, static_hits) over all 48 layers		
hit_belady_12567	0.9866	0.9866	0.9866	of slots	derived	prose; belady (id-prefix seed) at 12567 card experts spread over 48 layers, decode rows	the q38-prose route trace (specs/leader/resclock/traces/q38-prose: 8 prose contexts, 512 prompt + 256 greedy rows each, A6000 plan a, generate_qwen3moe --prefill step), replayed by q38_step.py --replay through tools/ref/router-residency.py (Rule mid, replay d 2 spares 1, belady, static_hits) over all 48 layers		
hit_static_18694	0.7791	0.7791	0.7791	of slots	derived	prose; static (id-prefix seed) at 18694 card experts spread over 48 layers, decode rows	the q38-prose route trace (specs/leader/resclock/traces/q38-prose: 8 prose contexts, 512 prompt + 256 greedy rows each, A6000 plan a, generate_qwen3moe --prefill step), replayed by q38_step.py --replay through tools/ref/router-residency.py (Rule mid, replay d 2 spares 1, belady, static_hits) over all 48 layers		
hit_mid_18694	0.9734	0.9734	0.9734	of slots	derived	prose; mid (id-prefix seed) at 18694 card experts spread over 48 layers, decode rows	the q38-prose route trace (specs/leader/resclock/traces/q38-prose: 8 prose contexts, 512 prompt + 256 greedy rows each, A6000 plan a, generate_qwen3moe --prefill step), replayed by q38_step.py --replay through tools/ref/router-residency.py (Rule mid, replay d 2 spares 1, belady, static_hits) over all 48 layers		
hit_belady_18694	0.9971	0.9971	0.9971	of slots	derived	prose; belady (id-prefix seed) at 18694 card experts spread over 48 layers, decode rows	the q38-prose route trace (specs/leader/resclock/traces/q38-prose: 8 prose contexts, 512 prompt + 256 greedy rows each, A6000 plan a, generate_qwen3moe --prefill step), replayed by q38_step.py --replay through tools/ref/router-residency.py (Rule mid, replay d 2 spares 1, belady, static_hits) over all 48 layers		
hit_static_19803	0.8224	0.8224	0.8224	of slots	derived	prose; static (id-prefix seed) at 19803 card experts spread over 48 layers, decode rows	the q38-prose route trace (specs/leader/resclock/traces/q38-prose: 8 prose contexts, 512 prompt + 256 greedy rows each, A6000 plan a, generate_qwen3moe --prefill step), replayed by q38_step.py --replay through tools/ref/router-residency.py (Rule mid, replay d 2 spares 1, belady, static_hits) over all 48 layers		
hit_mid_19803	0.9789	0.9789	0.9789	of slots	derived	prose; mid (id-prefix seed) at 19803 card experts spread over 48 layers, decode rows	the q38-prose route trace (specs/leader/resclock/traces/q38-prose: 8 prose contexts, 512 prompt + 256 greedy rows each, A6000 plan a, generate_qwen3moe --prefill step), replayed by q38_step.py --replay through tools/ref/router-residency.py (Rule mid, replay d 2 spares 1, belady, static_hits) over all 48 layers		
hit_belady_19803	0.9979	0.9979	0.9979	of slots	derived	prose; belady (id-prefix seed) at 19803 card experts spread over 48 layers, decode rows	the q38-prose route trace (specs/leader/resclock/traces/q38-prose: 8 prose contexts, 512 prompt + 256 greedy rows each, A6000 plan a, generate_qwen3moe --prefill step), replayed by q38_step.py --replay through tools/ref/router-residency.py (Rule mid, replay d 2 spares 1, belady, static_hits) over all 48 layers		
prose_c512_r1	213.2995	213.2995	213.2995	columns	derived	prose; a layer's 1-th hottest expert's count in a 512-row unit (mean of the sorted profiles)	the q38-prose route trace (specs/leader/resclock/traces/q38-prose: 8 prose contexts, 512 prompt + 256 greedy rows each, A6000 plan a, generate_qwen3moe --prefill step), replayed by q38_step.py --replay through tools/ref/router-residency.py (Rule mid, replay d 2 spares 1, belady, static_hits) over all 48 layers		
prose_c512_r2	176.9427	176.9427	176.9427	columns	derived	prose; a layer's 2-th hottest expert's count in a 512-row unit (mean of the sorted profiles)	the q38-prose route trace (specs/leader/resclock/traces/q38-prose: 8 prose contexts, 512 prompt + 256 greedy rows each, A6000 plan a, generate_qwen3moe --prefill step), replayed by q38_step.py --replay through tools/ref/router-residency.py (Rule mid, replay d 2 spares 1, belady, static_hits) over all 48 layers		
prose_c512_r4	139.4792	139.4792	139.4792	columns	derived	prose; a layer's 4-th hottest expert's count in a 512-row unit (mean of the sorted profiles)	the q38-prose route trace (specs/leader/resclock/traces/q38-prose: 8 prose contexts, 512 prompt + 256 greedy rows each, A6000 plan a, generate_qwen3moe --prefill step), replayed by q38_step.py --replay through tools/ref/router-residency.py (Rule mid, replay d 2 spares 1, belady, static_hits) over all 48 layers		
prose_c512_r8	100.3906	100.3906	100.3906	columns	derived	prose; a layer's 8-th hottest expert's count in a 512-row unit (mean of the sorted profiles)	the q38-prose route trace (specs/leader/resclock/traces/q38-prose: 8 prose contexts, 512 prompt + 256 greedy rows each, A6000 plan a, generate_qwen3moe --prefill step), replayed by q38_step.py --replay through tools/ref/router-residency.py (Rule mid, replay d 2 spares 1, belady, static_hits) over all 48 layers		
prose_c512_r16	66.8958	66.8958	66.8958	columns	derived	prose; a layer's 16-th hottest expert's count in a 512-row unit (mean of the sorted profiles)	the q38-prose route trace (specs/leader/resclock/traces/q38-prose: 8 prose contexts, 512 prompt + 256 greedy rows each, A6000 plan a, generate_qwen3moe --prefill step), replayed by q38_step.py --replay through tools/ref/router-residency.py (Rule mid, replay d 2 spares 1, belady, static_hits) over all 48 layers		
prose_c512_r32	41.0365	41.0365	41.0365	columns	derived	prose; a layer's 32-th hottest expert's count in a 512-row unit (mean of the sorted profiles)	the q38-prose route trace (specs/leader/resclock/traces/q38-prose: 8 prose contexts, 512 prompt + 256 greedy rows each, A6000 plan a, generate_qwen3moe --prefill step), replayed by q38_step.py --replay through tools/ref/router-residency.py (Rule mid, replay d 2 spares 1, belady, static_hits) over all 48 layers		
prose_c512_r64	22.526	22.526	22.526	columns	derived	prose; a layer's 64-th hottest expert's count in a 512-row unit (mean of the sorted profiles)	the q38-prose route trace (specs/leader/resclock/traces/q38-prose: 8 prose contexts, 512 prompt + 256 greedy rows each, A6000 plan a, generate_qwen3moe --prefill step), replayed by q38_step.py --replay through tools/ref/router-residency.py (Rule mid, replay d 2 spares 1, belady, static_hits) over all 48 layers		
prose_c512_r96	14.138	14.138	14.138	columns	derived	prose; a layer's 96-th hottest expert's count in a 512-row unit (mean of the sorted profiles)	the q38-prose route trace (specs/leader/resclock/traces/q38-prose: 8 prose contexts, 512 prompt + 256 greedy rows each, A6000 plan a, generate_qwen3moe --prefill step), replayed by q38_step.py --replay through tools/ref/router-residency.py (Rule mid, replay d 2 spares 1, belady, static_hits) over all 48 layers		
prose_c512_r128	9.3646	9.3646	9.3646	columns	derived	prose; a layer's 128-th hottest expert's count in a 512-row unit (mean of the sorted profiles)	the q38-prose route trace (specs/leader/resclock/traces/q38-prose: 8 prose contexts, 512 prompt + 256 greedy rows each, A6000 plan a, generate_qwen3moe --prefill step), replayed by q38_step.py --replay through tools/ref/router-residency.py (Rule mid, replay d 2 spares 1, belady, static_hits) over all 48 layers		
prose_c512_r192	4.0833	4.0833	4.0833	columns	derived	prose; a layer's 192-th hottest expert's count in a 512-row unit (mean of the sorted profiles)	the q38-prose route trace (specs/leader/resclock/traces/q38-prose: 8 prose contexts, 512 prompt + 256 greedy rows each, A6000 plan a, generate_qwen3moe --prefill step), replayed by q38_step.py --replay through tools/ref/router-residency.py (Rule mid, replay d 2 spares 1, belady, static_hits) over all 48 layers		
prose_c512_r256	1.5547	1.5547	1.5547	columns	derived	prose; a layer's 256-th hottest expert's count in a 512-row unit (mean of the sorted profiles)	the q38-prose route trace (specs/leader/resclock/traces/q38-prose: 8 prose contexts, 512 prompt + 256 greedy rows each, A6000 plan a, generate_qwen3moe --prefill step), replayed by q38_step.py --replay through tools/ref/router-residency.py (Rule mid, replay d 2 spares 1, belady, static_hits) over all 48 layers		
prose_c512_r320	0.401	0.401	0.401	columns	derived	prose; a layer's 320-th hottest expert's count in a 512-row unit (mean of the sorted profiles)	the q38-prose route trace (specs/leader/resclock/traces/q38-prose: 8 prose contexts, 512 prompt + 256 greedy rows each, A6000 plan a, generate_qwen3moe --prefill step), replayed by q38_step.py --replay through tools/ref/router-residency.py (Rule mid, replay d 2 spares 1, belady, static_hits) over all 48 layers		
prose_c512_r384	0.0599	0.0599	0.0599	columns	derived	prose; a layer's 384-th hottest expert's count in a 512-row unit (mean of the sorted profiles)	the q38-prose route trace (specs/leader/resclock/traces/q38-prose: 8 prose contexts, 512 prompt + 256 greedy rows each, A6000 plan a, generate_qwen3moe --prefill step), replayed by q38_step.py --replay through tools/ref/router-residency.py (Rule mid, replay d 2 spares 1, belady, static_hits) over all 48 layers		
prose_c512_r448	0.0	0.0	0.0	columns	derived	prose; a layer's 448-th hottest expert's count in a 512-row unit (mean of the sorted profiles)	the q38-prose route trace (specs/leader/resclock/traces/q38-prose: 8 prose contexts, 512 prompt + 256 greedy rows each, A6000 plan a, generate_qwen3moe --prefill step), replayed by q38_step.py --replay through tools/ref/router-residency.py (Rule mid, replay d 2 spares 1, belady, static_hits) over all 48 layers		
prose_c512_r512	0.0	0.0	0.0	columns	derived	prose; a layer's 512-th hottest expert's count in a 512-row unit (mean of the sorted profiles)	the q38-prose route trace (specs/leader/resclock/traces/q38-prose: 8 prose contexts, 512 prompt + 256 greedy rows each, A6000 plan a, generate_qwen3moe --prefill step), replayed by q38_step.py --replay through tools/ref/router-residency.py (Rule mid, replay d 2 spares 1, belady, static_hits) over all 48 layers		
prose_c4096_r1	1178.9583	1178.9583	1178.9583	columns	derived	prose; a layer's 1-th hottest expert's count in a 4096-row unit (mean of the sorted profiles)	the q38-prose route trace (specs/leader/resclock/traces/q38-prose: 8 prose contexts, 512 prompt + 256 greedy rows each, A6000 plan a, generate_qwen3moe --prefill step), replayed by q38_step.py --replay through tools/ref/router-residency.py (Rule mid, replay d 2 spares 1, belady, static_hits) over all 48 layers		
prose_c4096_r2	954.5	954.5	954.5	columns	derived	prose; a layer's 2-th hottest expert's count in a 4096-row unit (mean of the sorted profiles)	the q38-prose route trace (specs/leader/resclock/traces/q38-prose: 8 prose contexts, 512 prompt + 256 greedy rows each, A6000 plan a, generate_qwen3moe --prefill step), replayed by q38_step.py --replay through tools/ref/router-residency.py (Rule mid, replay d 2 spares 1, belady, static_hits) over all 48 layers		
prose_c4096_r4	769.0625	769.0625	769.0625	columns	derived	prose; a layer's 4-th hottest expert's count in a 4096-row unit (mean of the sorted profiles)	the q38-prose route trace (specs/leader/resclock/traces/q38-prose: 8 prose contexts, 512 prompt + 256 greedy rows each, A6000 plan a, generate_qwen3moe --prefill step), replayed by q38_step.py --replay through tools/ref/router-residency.py (Rule mid, replay d 2 spares 1, belady, static_hits) over all 48 layers		
prose_c4096_r8	606.2083	606.2083	606.2083	columns	derived	prose; a layer's 8-th hottest expert's count in a 4096-row unit (mean of the sorted profiles)	the q38-prose route trace (specs/leader/resclock/traces/q38-prose: 8 prose contexts, 512 prompt + 256 greedy rows each, A6000 plan a, generate_qwen3moe --prefill step), replayed by q38_step.py --replay through tools/ref/router-residency.py (Rule mid, replay d 2 spares 1, belady, static_hits) over all 48 layers		
prose_c4096_r16	444.2917	444.2917	444.2917	columns	derived	prose; a layer's 16-th hottest expert's count in a 4096-row unit (mean of the sorted profiles)	the q38-prose route trace (specs/leader/resclock/traces/q38-prose: 8 prose contexts, 512 prompt + 256 greedy rows each, A6000 plan a, generate_qwen3moe --prefill step), replayed by q38_step.py --replay through tools/ref/router-residency.py (Rule mid, replay d 2 spares 1, belady, static_hits) over all 48 layers		
prose_c4096_r32	293.9792	293.9792	293.9792	columns	derived	prose; a layer's 32-th hottest expert's count in a 4096-row unit (mean of the sorted profiles)	the q38-prose route trace (specs/leader/resclock/traces/q38-prose: 8 prose contexts, 512 prompt + 256 greedy rows each, A6000 plan a, generate_qwen3moe --prefill step), replayed by q38_step.py --replay through tools/ref/router-residency.py (Rule mid, replay d 2 spares 1, belady, static_hits) over all 48 layers		
prose_c4096_r64	178.625	178.625	178.625	columns	derived	prose; a layer's 64-th hottest expert's count in a 4096-row unit (mean of the sorted profiles)	the q38-prose route trace (specs/leader/resclock/traces/q38-prose: 8 prose contexts, 512 prompt + 256 greedy rows each, A6000 plan a, generate_qwen3moe --prefill step), replayed by q38_step.py --replay through tools/ref/router-residency.py (Rule mid, replay d 2 spares 1, belady, static_hits) over all 48 layers		
prose_c4096_r96	123.4792	123.4792	123.4792	columns	derived	prose; a layer's 96-th hottest expert's count in a 4096-row unit (mean of the sorted profiles)	the q38-prose route trace (specs/leader/resclock/traces/q38-prose: 8 prose contexts, 512 prompt + 256 greedy rows each, A6000 plan a, generate_qwen3moe --prefill step), replayed by q38_step.py --replay through tools/ref/router-residency.py (Rule mid, replay d 2 spares 1, belady, static_hits) over all 48 layers		
prose_c4096_r128	93.0625	93.0625	93.0625	columns	derived	prose; a layer's 128-th hottest expert's count in a 4096-row unit (mean of the sorted profiles)	the q38-prose route trace (specs/leader/resclock/traces/q38-prose: 8 prose contexts, 512 prompt + 256 greedy rows each, A6000 plan a, generate_qwen3moe --prefill step), replayed by q38_step.py --replay through tools/ref/router-residency.py (Rule mid, replay d 2 spares 1, belady, static_hits) over all 48 layers		
prose_c4096_r192	54.0208	54.0208	54.0208	columns	derived	prose; a layer's 192-th hottest expert's count in a 4096-row unit (mean of the sorted profiles)	the q38-prose route trace (specs/leader/resclock/traces/q38-prose: 8 prose contexts, 512 prompt + 256 greedy rows each, A6000 plan a, generate_qwen3moe --prefill step), replayed by q38_step.py --replay through tools/ref/router-residency.py (Rule mid, replay d 2 spares 1, belady, static_hits) over all 48 layers		
prose_c4096_r256	30.2292	30.2292	30.2292	columns	derived	prose; a layer's 256-th hottest expert's count in a 4096-row unit (mean of the sorted profiles)	the q38-prose route trace (specs/leader/resclock/traces/q38-prose: 8 prose contexts, 512 prompt + 256 greedy rows each, A6000 plan a, generate_qwen3moe --prefill step), replayed by q38_step.py --replay through tools/ref/router-residency.py (Rule mid, replay d 2 spares 1, belady, static_hits) over all 48 layers		
prose_c4096_r320	15.4375	15.4375	15.4375	columns	derived	prose; a layer's 320-th hottest expert's count in a 4096-row unit (mean of the sorted profiles)	the q38-prose route trace (specs/leader/resclock/traces/q38-prose: 8 prose contexts, 512 prompt + 256 greedy rows each, A6000 plan a, generate_qwen3moe --prefill step), replayed by q38_step.py --replay through tools/ref/router-residency.py (Rule mid, replay d 2 spares 1, belady, static_hits) over all 48 layers		
prose_c4096_r384	6.7083	6.7083	6.7083	columns	derived	prose; a layer's 384-th hottest expert's count in a 4096-row unit (mean of the sorted profiles)	the q38-prose route trace (specs/leader/resclock/traces/q38-prose: 8 prose contexts, 512 prompt + 256 greedy rows each, A6000 plan a, generate_qwen3moe --prefill step), replayed by q38_step.py --replay through tools/ref/router-residency.py (Rule mid, replay d 2 spares 1, belady, static_hits) over all 48 layers		
prose_c4096_r448	1.75	1.75	1.75	columns	derived	prose; a layer's 448-th hottest expert's count in a 4096-row unit (mean of the sorted profiles)	the q38-prose route trace (specs/leader/resclock/traces/q38-prose: 8 prose contexts, 512 prompt + 256 greedy rows each, A6000 plan a, generate_qwen3moe --prefill step), replayed by q38_step.py --replay through tools/ref/router-residency.py (Rule mid, replay d 2 spares 1, belady, static_hits) over all 48 layers		
prose_c4096_r512	0.0	0.0	0.0	columns	derived	prose; a layer's 512-th hottest expert's count in a 4096-row unit (mean of the sorted profiles)	the q38-prose route trace (specs/leader/resclock/traces/q38-prose: 8 prose contexts, 512 prompt + 256 greedy rows each, A6000 plan a, generate_qwen3moe --prefill step), replayed by q38_step.py --replay through tools/ref/router-residency.py (Rule mid, replay d 2 spares 1, belady, static_hits) over all 48 layers		
prose_carry_k32	0.7348	0.5	0.95	of the oracle's excess	derived	prose; the 32 hottest experts of a context's first 256 prompt rows: their share of the next 256 rows' columns, 0 = 32 random experts', 1 = that half's own 32 hottest; mean over 8 contexts x 48 layers. The band: 4096-row units of one long document (no such trace) may hold more or less	the q38-prose route trace (specs/leader/resclock/traces/q38-prose: 8 prose contexts, 512 prompt + 256 greedy rows each, A6000 plan a, generate_qwen3moe --prefill step), replayed by q38_step.py --replay through tools/ref/router-residency.py (Rule mid, replay d 2 spares 1, belady, static_hits) over all 48 layers		
prose_carry_k64	0.7593	0.5	0.95	of the oracle's excess	derived	prose; the 64 hottest experts of a context's first 256 prompt rows: their share of the next 256 rows' columns, 0 = 64 random experts', 1 = that half's own 64 hottest; mean over 8 contexts x 48 layers. The band: 4096-row units of one long document (no such trace) may hold more or less	the q38-prose route trace (specs/leader/resclock/traces/q38-prose: 8 prose contexts, 512 prompt + 256 greedy rows each, A6000 plan a, generate_qwen3moe --prefill step), replayed by q38_step.py --replay through tools/ref/router-residency.py (Rule mid, replay d 2 spares 1, belady, static_hits) over all 48 layers		
prose_carry_k96	0.7804	0.5	0.95	of the oracle's excess	derived	prose; the 96 hottest experts of a context's first 256 prompt rows: their share of the next 256 rows' columns, 0 = 96 random experts', 1 = that half's own 96 hottest; mean over 8 contexts x 48 layers. The band: 4096-row units of one long document (no such trace) may hold more or less	the q38-prose route trace (specs/leader/resclock/traces/q38-prose: 8 prose contexts, 512 prompt + 256 greedy rows each, A6000 plan a, generate_qwen3moe --prefill step), replayed by q38_step.py --replay through tools/ref/router-residency.py (Rule mid, replay d 2 spares 1, belady, static_hits) over all 48 layers		
hit_midp32_4269	0.645	0.645	0.645	of slots	derived	prose; mid-p32-s1 (each layer's 32 lowest seed ids pinned) at 4,269 card experts, decode rows: the README 3090 row's word	the q38-prose route trace (specs/leader/resclock/traces/q38-prose: 8 prose contexts, 512 prompt + 256 greedy rows each, A6000 plan a, generate_qwen3moe --prefill step), replayed by q38_step.py --replay through tools/ref/router-residency.py (Rule mid, replay d 2 spares 1, belady, static_hits) over all 48 layers		
a6000.hit_prose	0.9307	0.86	0.96	of slots	derived	prose decode at 12,567 card experts (plan a, ctx 4352, draft off), mid-p0-s1; lo q0's step after P 512 (67 slots), hi func-arm2's after P 4096 (21)	the q38-prose route trace (specs/leader/resclock/traces/q38-prose: 8 prose contexts, 512 prompt + 256 greedy rows each, A6000 plan a, generate_qwen3moe --prefill step), replayed by q38_step.py --replay through tools/ref/router-residency.py (Rule mid, replay d 2 spares 1, belady, static_hits) over all 48 layers; specs/worker2/pickrule-q0/q0.log, specs/leader/ppgap/func-arm2-stepstats.log		
3090.hit_prose	0.6551	0.6	0.75	of slots	derived	prose decode on a lone 3090's server: plan a with the draft (4,269 - 933 = 3,336 card experts [derived]), mid-p0-s1; lo/hi the band the 4,269 and static rows bracket	the q38-prose route trace (specs/leader/resclock/traces/q38-prose: 8 prose contexts, 512 prompt + 256 greedy rows each, A6000 plan a, generate_qwen3moe --prefill step), replayed by q38_step.py --replay through tools/ref/router-residency.py (Rule mid, replay d 2 spares 1, belady, static_hits) over all 48 layers		
5090.hit_prose	0.7797	0.72	0.85	of slots	derived	prose decode at 5,482 card experts (the user's plan, the draft on)	the q38-prose route trace (specs/leader/resclock/traces/q38-prose: 8 prose contexts, 512 prompt + 256 greedy rows each, A6000 plan a, generate_qwen3moe --prefill step), replayed by q38_step.py --replay through tools/ref/router-residency.py (Rule mid, replay d 2 spares 1, belady, static_hits) over all 48 layers		
a6000.hit_chat	0.9	0.85	0.95	of slots	assumed	chat on the full A6000 (no chat trace exists)	band from the prose replay at 12,567 and the #3 stream's converged pool		
3090.hit_chat	0.62	0.5	0.72	of slots	assumed	chat on a lone 3090's server, 3,336 card experts (no Qwen3.8 chat trace exists)	the prose replay's 0.655 less the 5090 band's chat derate		
5090.hit_chat	0.86	0.78	0.91	of slots	assumed	chat at 5,482 card experts (no Qwen3.8 chat trace exists)	lo the prose mid replay; hi the #3 stream's off-converged pool (42.4 slots at ~6,800, specs/leader/longgap/report2.md §4) scaled by the prose replay's misses 6,810 -> 5,482		
E_prose	3.3	3.06	3.69	positions/window	measured	A6000 prose, 4-row windows	rig-log 2026-09-30 #q38res-hit (3.46 P 512, 3.06 P 4096); 2026-10-01 #q38hol-ab (3.69, 3.10)		
E_chat	2.4	2.17	2.65	positions/window	measured	English chat greedy (ours) and the user's 5090 chat (acceptance 0.44..0.55 x 3 drafts)	docs/plan-triage.md G section (2.17-2.46); specs/leader/chatarm/report.md (en 2.52-2.58); issue3-thread.md comment 6056301837		
a6000.host_threads_base	32	32	32	threads	derived	the host pool's expert threads the measured W and c ran at	rig-log 2026-09-28 #q38-union (32 threads)		
a6000.core_dram_gbs	12.0	8.0	20.0	GB/s/thread	assumed	one Zen 3 core's share of a streaming read when the pool is capped below the channels' rate	no record; the thread-cap ruler (docs/plan-triage.md G5) measures it		
a6000.card_bw_gbs	674	567	701	GB/s	measured	A6000 large launches	tools/flow/constants.tsv bw_card; datasheet 768 GB/s (NVIDIA RTX A6000 datasheet, fetched 2026-10-09: 'Memory bandwidth 768 GB/s')		
a6000.lat_ratio	1.0	1.0	1.0	x A6000	derived	the anchors' own card	definition		
a6000.layer_extra_us	0.0	0.0	0.0	us/layer	derived	native Linux	definition		
a6000.host_w_us	23.36	22.9	23.6	us/slot	measured	one host expert at one column, 32 threads, Q4	rig-log 2026-09-28 #q38-union (32 x 1: 23.36); 2026-09-30 #q38res-hit (in-arm slope 23.6)		
a6000.host_w_eff	0.908	0.85	0.95	of DRAM	derived	the pool's share of host DRAM on one expert: 3.134 MB / 23.36 us / 147.7 GB/s	rig-log 2026-09-28 #q38-union; docs/facts.md 147.7		
a6000.host_svc_us	8.0	5.0	18.0	us/layer	derived	a layer's service outside its experts (list, dispatch, sum write)	specs/leader/ppgap/func-arm2-stepstats.log (leg_us over 15 steps: 7.3 + 23.4 a slot); docs/cards/q38bpbug-ab.card bp leg 35.3 at 0.7 slots (18)		
a6000.union_c_us	3.67	3.4	4.0	us/column	measured	the host union's per-column cost, Q4, 32 threads, beside the pick's copies	crates/gpu/src/arch/qwen3moe/body38.rs:817 XSTREAM_COSTS (the pickrule fit of q0's stat prompt lb walls)	Aq0	
a6000.union_W_us	19.95	18.0	23.36	us/expert	measured	the host union's per-expert floor (weight listing), 32 threads	body38.rs:817 XSTREAM_COSTS	Aq0	
a6000.union_copy_slow	0.0	0.0	0.0057	per GB/s of copy	derived	the union's loss per GB/s of staging beside it past the 13.5 the fit ran beside	rig-log 2026-09-28 #q38-dram-share (43.32 -> 38.12 GB/s beside 21.19: 0.0057); 0 at the fit's own rate		B2 reads its upper end
a6000.host_dram_gbs	147.7	140	155	GB/s	measured	Threadripper PRO 5975WX, 8 channels, 32 threads	docs/facts.md (147.7)		
a6000.pcie_h2d_gbs	26.28	26.28	26.28	GB/s	measured	A6000 H2D pinned, PCIe 4.0 x16	docs/facts.md; rig-log 2025-09-25 #m2-h2d-a6000; PCIe 4.0 x16 31.508 GB/s (Wikipedia PCI Express table, fetched 2026-10-09)		
a6000.pcie_d2h_gbs	22.1	20.0	26.28	GB/s	derived	the prompt front's D2H of 10,328 B a row	specs/worker2/pickrule-q0/q0.log card_down_ms 91.6 over 48 x 4096 rows	Aq0	
a6000.tier_pcie_gbs	24.0	20.0	26.28	GB/s	assumed	the 3090's PCIe 4.0 link for the tier's rows	docs/facts.md (both cards PCIe 4.0 x16)		
a6000.lane_gbs	20.41	19.0	21.4	GB/s	measured	the load's lane probe the walk prices copies with, and the staging path's rate alone (checked: s0b's copies ahead of the union 229 MB in 10.72 ms = 21.4)	q0.log 'xstream_lane_gbs=20.41'; pickrate-c1-ab.card band 19.0..21.4		
a6000.copy_thread_beside_gbs	17.05	16.0	18.0	GB/s	derived	one staging thread's rate beside a union of no burst share: q0's 13.52 GB/s wall at its median share 0.208	docs/cards/pickrate-c1.card (13.52; 'burst share s 0.21 median'); checked on the triple's v0.2.7-rule arm s0b (11.4 predicted at its share 0.33, 11.1 read: specs/worker2/pickrule-impl/box/arm-gq_s0b.log 150 MB beside in 13.5 ms)	Aq0	
a6000.copy_thread_alone_gbs	24.7	21.0	24.7	GB/s	measured	one thread staging with nothing beside it (the reset's copy_back)	docs/cards/pickrate-c1.card ('24.7 GB/s ... nothing beside it')		
a6000.front_ratio	1.0	1.0	1.0	x A6000	derived	the anchors' own card	definition		
a6000.card_experts	12567	11458	12567	experts	measured	plan a, ctx 4352, draft off (the draft takes draft_experts when on)	q0.log plan line card_experts=12567; tape028/cand-a.log 11,569 at ctx 16384 with the draft		
a6000.flips_steady	0.87	0.5	1.3	flips/token	measured	the residency rule's flips a decoded token, converged pool, A6000 at 32368M, #3 stream	specs/leader/longgap/report2.md §2 passes table r3-off 32k rows (223, 197, 251 a 256-token reply)		
a6000.flip_cpu_us	335	250	400	us/flip	measured	the staging thread's stage + prepare time a flip	longgap report2 §2: r2-split 32k (331..378 + 181..185 ms) / 1536		
a6000.flip_crit	0.05	0.0	0.15	of flip_cpu_us	derived	the share on the step's path on an SMT host (the staging thread on a sibling)	longgap report2 §1: split32k - off explained 95 % by host slots alone at 15.7 us		
3090.card_bw_gbs	821	700	870	GB/s	derived	RTX 3090 at its 250 W cap: 936 GB/s at the A6000's achieved share 674/768	Wikipedia GeForce RTX 30 series (fetched 2026-10-09: RTX 3090 memory bandwidth '936' GB/s, SM count '82', boost clock '1395 (1695)' MHz)		
3090.lat_ratio	1.05	0.95	1.25	x A6000	assumed	GA102 both: 82 SMs at 1.695 GHz boost against the A6000's 84 at 1.80, the 250 W cap	Wikipedia GeForce RTX 30 series (fetched 2026-10-09: RTX 3090 memory bandwidth '936' GB/s, SM count '82', boost clock '1395 (1695)' MHz); no 3090 Qwen3.8 step record (the README row is the pair pass)		
3090.layer_extra_us	0.0	0.0	0.0	us/layer	derived	native Linux, the box	definition		
3090.host_w_us	23.36	22.9	23.6	us/slot	measured	the box's host	a6000.host_w_us		
3090.host_w_eff	0.908	0.85	0.95	of DRAM	derived	the box's host	a6000.host_w_eff		
3090.host_svc_us	8.0	5.0	18.0	us/layer	derived	the box's host	a6000.host_svc_us		
3090.handoff_us	4.0	2.0	8.0	us/layer	assumed	the box's host, PCIe 4.0	a6000.handoff_us		
3090.union_c_us	3.67	3.4	4.0	us/column	measured	the box's host	a6000.union_c_us	Aq0	
3090.union_W_us	19.95	18.0	23.36	us/expert	measured	the box's host	a6000.union_W_us	Aq0	
3090.union_copy_slow	0.0	0.0	0.0057	per GB/s of copy	derived	the box's host	a6000.union_copy_slow		
3090.host_dram_gbs	147.7	140	155	GB/s	measured	the box's host	docs/facts.md (147.7)		
3090.host_threads_base	32	32	32	threads	derived	the box's host	a6000.host_threads_base		
3090.core_dram_gbs	12.0	8.0	20.0	GB/s/thread	assumed	the box's host	a6000.core_dram_gbs		
3090.pcie_h2d_gbs	26.28	24.0	26.5	GB/s	derived	the 3090's PCIe 4.0 x16 link on the box: the A6000's measured pinned rate (both cards 16 GT/s x16; no 3090 probe recorded)	docs/facts.md (both PCIe 4.0 x16; A6000 pinned 26.28)		
3090.pcie_d2h_gbs	22.1	20.0	26.28	GB/s	derived	the A6000's prompt-front download rate	a6000.pcie_d2h_gbs		
3090.tier_pcie_gbs	24.0	20.0	26.28	GB/s	assumed	no tier on a lone 3090	unused		
3090.lane_gbs	20.41	17.0	21.4	GB/s	derived	the load's lane probe: the A6000's on the same host and link generation	a6000.lane_gbs		
3090.copy_thread_beside_gbs	17.05	16.0	18.0	GB/s	derived	the box's host	a6000.copy_thread_beside_gbs		
3090.copy_thread_alone_gbs	24.7	21.0	24.7	GB/s	measured	the box's host	a6000.copy_thread_alone_gbs		
3090.front_ratio	0.9	0.8	1.0	x A6000	derived	the prompt front's GEMMs on the 3090: SMs x clock 82 x 1.695 / (84 x 1.80) = 0.92, the 250 W cap below it	Wikipedia GeForce RTX 30 series (fetched 2026-10-09: RTX 3090 memory bandwidth '936' GB/s, SM count '82', boost clock '1395 (1695)' MHz)		
3090.card_experts	4269	3428	4400	experts	measured	--place gate (plan_gate, crates/placement/src/placement/workstation.rs:471), ctx 16384, draft off; a lone server's plan a takes the draft's 933 from it	the lead's 2026-10-09 amendment: the 0.2.8 paged check printed card_experts=4269 host_experts=20307 at --place gate; lo the 0.2.1 README row's plan [derived: 3,149 at ctx 38912 (docs/cards/n3090-q38.card) + 34,560 positions x 25.3 KB / 3.134 MB]		
3090.flips_steady	0.87	0.5	1.5	flips/token	assumed	the box's converged-pool rate on a smaller pool	a6000.flips_steady		
3090.flip_cpu_us	335	250	400	us/flip	measured	the box's staging thread	a6000.flip_cpu_us		
3090.flip_crit	0.05	0.0	0.15	of flip_cpu_us	derived	the box's SMT host	a6000.flip_crit		
5090.host_threads_base	24	24	24	threads	derived	the 285K's 8 P + 16 E cores, no SMT	Intel ark 285K (fetched 2026-10-09: 'Total Cores 24', 'Total Threads 24')		
5090.core_dram_gbs	15.0	10.0	25.0	GB/s/thread	assumed	one 285K core's share of a streaming read	no record		
5090.card_bw_gbs	1573	1400	1700	GB/s	derived	RTX 5090 GDDR7: 1,792 GB/s at the A6000's achieved share 674/768	NVIDIA RTX 5090 page (fetched 2026-10-09: 'Memory Interface Width 512-bit', 'PCI Express Gen 5'); Wikipedia GeForce RTX 50 series (fetched 2026-10-09: 5090 '1792' GB/s, '28' Gbit/s, '170' SMs, '2.41' GHz)		
5090.lat_ratio	0.8	0.6	1.0	x A6000	assumed	the 5090's latency-bound launch parts against the A6000's (more SMs, higher clock, the same dependent chain)	no record on the 5090; band: 1.0 = no gain, 0.6 = the clock and launch path both faster		
5090.layer_extra_us	89.86	0.0	300.0	us/layer	derived	the 5090 machine's serial per-layer cost the native model lacks (WSL2's sync and launch path, assumed to sit on the card chain)	solved by calibrate() on B7.a: issue3-thread.md comment 6065438635, 0.2.6 MTP off BLOOMERY_XSTREAM=off decode after ~29.6K 60.4 tok/s, at 45.5 host slots (longgap report2 §4 off 42.4 x the prose replay's misses 6,810 -> 6,415)	B7.a	the band is the solver's range; re-solved by the tornado
5090.host_w_us	0.0	0.0	0.0	us/slot	derived	0: one expert's bytes at the pool's share of host DRAM (host_w_us())	definition		
5090.host_w_eff	0.908	0.85	0.95	of DRAM	assumed	the box's share (24 cores saturate two channels)	a6000.host_w_eff		
5090.host_dram_gbs	55.4	50.8	64.6	GB/s	derived	dual-channel DDR5, 4 x 48 GB (2 DIMMs a channel, 2R): 2 x 8 B x 4400..5600 MT/s x 0.721 (the box's 147.7 over an assumed DDR4-3200 x 8 peak); 4800 central	Intel ark 285K (fetched 2026-10-09: 'Max # of Memory Channels 2', 'Up to DDR5 6400 MT/s'); 2DPC limit secondhand (forum.level1techs.com/t/2dpc-on-arrow-lake/219436, fetched: '...2DPC is 4800 for 1R DIMMs and 4400 for 2R DIMMs')		
5090.host_svc_us	12.0	6.0	30.0	us/layer	assumed	24 hybrid cores (8P + 16E, no SMT) under WSL2	no record; the box's 8		
5090.handoff_us	6.0	3.0	20.0	us/layer	assumed	PCIe 5.0 posted write and poll under WSL2 GPU-PV	no record; CUDA on WSL user guide (fetched 2026-10-09: pinned system memory 'availability for applications is limited')		
5090.union_c_us	5.286	2.0	12.0	us/column	derived	the 285K's host union a column, Q4, all cores	solved by calibrate() on B7.b: issue1-comments.md 2026-10-06T15:12 0.2.5 MTP off prefill 4K 433 tok/s	B7.b	the band is the solver's range; re-solved by the tornado
5090.union_W_us	62.9	54.0	69.0	us/expert	derived	one expert's bytes at the pool's DRAM share	expert_b / (host_dram_gbs x host_w_eff)		
5090.union_copy_slow	0.0153	0.0057	0.03	per GB/s of copy	assumed	the union's loss beside staging on two channels	the box's 0.0057 (rig-log 2026-09-28 #q38-dram-share) x 147.7 / 55.4		
5090.pcie_h2d_gbs	52.6	40.0	55.0	GB/s	derived	PCIe 5.0 x16 at the box's achieved share 26.28/31.508	Wikipedia PCI Express (fetched 2026-10-09: 5.0 x16 '63.015' GB/s); lo for WSL2's pinned-memory limits		
5090.pcie_d2h_gbs	44.2	35.0	50.0	GB/s	derived	the box's D2H share at PCIe 5.0	a6000.pcie_d2h_gbs x 63.015 / 31.508		
5090.tier_pcie_gbs	24.0	20.0	26.28	GB/s	assumed	no tier on that machine	unused		
5090.lane_gbs	18.3	12.0	21.2	GB/s	derived	the load's lane probe: four threads alone, capped by a third of host DRAM	min(4 x 24.7, 42, 55.4/3); hi the xsplit their_5090 fixture's 21.2 (crates/runtime/src/xsplit.rs:672, a design value)		
5090.copy_thread_beside_gbs	17.05	12.0	22.0	GB/s	assumed	one P-core's staging beside a union of no burst share	the box's 17.05; band for the core's memcpy rate		
5090.copy_thread_alone_gbs	24.7	15.0	30.0	GB/s	assumed	one thread alone	the box's measured 24.7		
5090.front_ratio	2.5	2.0	2.9	x A6000	derived	the prompt front's GEMMs and attention: SMs x clock 170 x 2.41 / (84 x 1.80) = 2.71, bandwidth 1792/768 = 2.33	NVIDIA RTX 5090 page (fetched 2026-10-09: 'Memory Interface Width 512-bit', 'PCI Express Gen 5'); Wikipedia GeForce RTX 50 series (fetched 2026-10-09: 5090 '1792' GB/s, '28' Gbit/s, '170' SMs, '2.41' GHz); A6000 datasheet (fetched: 10,752 CUDA cores, 38.7 TFLOPS FP32 -> 1.80 GHz [derived])		
5090.card_experts	6415	5482	6415	experts	derived	the user's plan at ctx 40960: 5,482 with the draft + its 933	issue1-comments.md v0.2.4 log 'plan ... card_experts=5482'; docs/plan-triage.md (933)		
5090.flips_steady	0.87	0.5	1.5	flips/token	assumed	the box's converged-pool rate on the same stream	a6000.flips_steady		
5090.flip_cpu_us	335	250	500	us/flip	assumed	the box's staging time a flip	a6000.flip_cpu_us		
5090.flip_crit	1.0	0.3	1.0	of flip_cpu_us	assumed	no SMT: the staging thread takes a core the spinning pool holds	longgap report2 §1 (c') (xstream.rs:1502, threads/src/helper.rs:115)		
pf_front_tok_ms	0.264577	0.25	0.28	ms/row/walk	derived	A6000 prompt front, a row's share over 48 layers: card_front_ms 1205.8 (P 4096) and 138.0 (P 512) solved with the attention term	specs/worker2/pickrule-q0/q0.log (generate_qwen3moe at pickrule, A6000, plan a, UD-Q4_K_XL, draft off, BLOOMERY_STEP_STATS=1, prose 4096 and 512)	Aq0	
pf_front_att_ms	1.93903e-05	1.5e-05	2.4e-05	ms/(row x selected key)/walk	derived	A6000 prompt front's attention, per query and selected key (min(q, 2051)) over the 12 QSA layers	specs/worker2/pickrule-q0/q0.log (generate_qwen3moe at pickrule, A6000, plan a, UD-Q4_K_XL, draft off, BLOOMERY_STEP_STATS=1, prose 4096 and 512)	Aq0	
pf_down_b_tok	10328	10328	10328	B/row	derived	the front's download: 2560 f32 + 11 weights + 11 ids	wide38.rs:2044 enqueue_download_pitched		
pf_up_fixed_ms	0.044	0.0	0.8	ms/layer	derived	the upload past its bytes at P 4096 (1.64 - 4096 x 10,240 / 26.28 GB/s); P 512's 0.89 holds 0.69 of card-bound wait	specs/worker2/pickrule-q0/q0.log (generate_qwen3moe at pickrule, A6000, plan a, UD-Q4_K_XL, draft off, BLOOMERY_STEP_STATS=1, prose 4096 and 512)	Aq0	
pf_back_tok_ms	5.86e-05	4e-05	8e-05	ms/row/layer	derived	A6000 card_back_ms 0.24 at P 4096	specs/worker2/pickrule-q0/q0.log (generate_qwen3moe at pickrule, A6000, plan a, UD-Q4_K_XL, draft off, BLOOMERY_STEP_STATS=1, prose 4096 and 512)	Aq0	
pf_pick0_ms	0.2406	0.2	0.3	ms/layer	derived	the pick's host time: count, walk, issue (pick_us 15,387 at 512, 42,239 at 4096 over 48)	specs/worker2/pickrule-q0/q0.log (generate_qwen3moe at pickrule, A6000, plan a, UD-Q4_K_XL, draft off, BLOOMERY_STEP_STATS=1, prose 4096 and 512)	Aq0	
pf_pick1_ms	0.00015609	0.00013	0.00018	ms/row/layer	derived	same fit	specs/worker2/pickrule-q0/q0.log (generate_qwen3moe at pickrule, A6000, plan a, UD-Q4_K_XL, draft off, BLOOMERY_STEP_STATS=1, prose 4096 and 512)	Aq0	
pf_host0_ms	0.25	0.2	0.3	ms/layer	derived	the host chain's fixed part before the pick	specs/worker2/pickrate-impl/c1_band.py (0.25 + pick + issue + serve)	Aq0	
pf_prologue_tok_ms	0.00586	0.0054	0.0059	ms/row	derived	the call's prologue (24.0 ms at 4096, 2.8 at 512)	specs/worker2/pickrule-q0/q0.log (generate_qwen3moe at pickrule, A6000, plan a, UD-Q4_K_XL, draft off, BLOOMERY_STEP_STATS=1, prose 4096 and 512)	Aq0	
pf_other_tok_ms	0.00247	0.0024	0.0053	ms/row	derived	time prompt - walk - prologue (10.1 ms at 4096; 2.7 at 512)	specs/worker2/pickrule-q0/q0.log (generate_qwen3moe at pickrule, A6000, plan a, UD-Q4_K_XL, draft off, BLOOMERY_STEP_STATS=1, prose 4096 and 512)	Aq0	
pf_tier_col_us	0.2	0.16	0.25	us/column	assumed	the 3090 tier's block route a column	xsplit.rs tests a3090() (the A6000's 0.16 x 1.25, a design value)		
draft_store_tok_ms	0.02	0.005	0.04	ms/row	assumed	A6000: the draft's store walk over the prompt (64-row GEMMs, keys and values only)	rig-log 2026-09-30 #q38mtp-wide (P 4096 loss -6.1 %, most of it the draft's card bytes)		
walk_W_us	19.95	19.95	19.95	us/expert	derived	the engine's price of a host expert, every machine	body38.rs:817 XSTREAM_COSTS host_us_fixed		
walk_c_us	3.67	3.67	3.67	us/column	derived	the engine's price of a host column, every machine	body38.rs:817 XSTREAM_COSTS host_us_per_col		
walk_f_us	13.0	13.0	13.0	us/expert	derived	the card's fixed cost of a streamed expert	body38.rs:817 card_us_fixed		
walk_k_us	0.16	0.16	0.16	us/column	derived	the card's per-column cost	body38.rs:817 card_us_per_col		
walk_tail_us_col	0.125	0.11	0.14	us/card column	derived	the card route's tail a card pick (the walk's price and the A6000's level)	body38.rs XSTREAM_TAIL_US_PER_CARD_COL; pickrate-c1.card ('a 4.8 ms median tail')		
walk_queue_floor	4	4	4	jobs	derived	the walk's backlog bound's floor	wide38.rs:1956 RING_SLOTS		
stream_floor	32	32	32	columns	derived	the admit-mode floor and v0.2.7's below m_min	wide38.rs STREAM_FLOOR; specs/leader/longgap/report2.md §1		
v027_c_us	7.0	7.0	7.0	us/column	derived	v0.2.7's costs row (host_us_per_col) its pick floor read	git show v0.2.7:crates/gpu/src/arch/qwen3moe/body38.rs:807		
v027_W_us	23.36	23.36	23.36	us/expert	derived	v0.2.6/v0.2.7's costs row (host_us_fixed) its ring read	git show v0.2.7:crates/gpu/src/arch/qwen3moe/body38.rs:809		
v027_backlog	48	24	48	jobs	derived	v0.2.7's call backlog bound (the flips a boundary keeps in flight)	docs/cards/q38seed-ab.card ('82 flips a layer past the 48-job bound'); v0.2.7 swap.rs:3272 call_backlog		
