# The host-path table of `just affected --narrow` (tools/recipes.py, the section above narrow()).
# glob<TAB>recipes<TAB>why. A changed file that some gate reads through a dependency edge (a lib a target links,
# a manifest, a cargo global) selects the recipes of every row whose glob matches it; `*` keeps the full list; no
# row keeps the full list and names the file. A file's own target (its bin, its test file, its lib's own tests), a
# script a recipe names, and the recipe's own text select their recipes without a row, so a row names only the gates
# that reach the file through a dependency; gate-ptx-spill joins a narrowed list only when a scan pair is not identical
# or its own inputs moved (tools/recipes.py, narrow()). `**` crosses `/`, `*` does not,
# `{a,b}` is either. `just check-recipes` holds each row to the tree: its recipes are gate recipes that link every file
# it matches, each alternative matches a file, and every gate whose own target names the module the glob stands for
# is in the row. The recipe lists came from the module references of each gate's targets, read transitively through
# the workspace libs (use trees and paths, not docs); where the why names a run-time dispatch, the static reference
# alone would have named more gates.

# Every binary parses the registry and runs at_main first, and a lever's default reaches whoever reads it in place.
crates/levers/src/registry.rs	*	the lever table every binary's at_main parses
crates/levers/src/lib.rs	*	at_main, the parser every binary calls first

# V4.1: crates/gpu-deepseek41. The engine opens through body::open; app's V4.1 session impls (Open, Prompt, Keep for
# the V4.1 body, Session<Body>) run only where the V4.1 body is the session's type, so a GLM session never runs them.
crates/gpu-deepseek41/src/lib.rs	gate-ds41-load gate-gpu-ds41-attn gate-gpu-ds41-callstream gate-gpu-ds41-chain-attn gate-gpu-ds41-chain-ffn gate-gpu-ds41-chain-glue gate-gpu-ds41-chat gate-gpu-ds41-comp gate-gpu-ds41-draft gate-gpu-ds41-dspark-loop gate-gpu-ds41-engram gate-gpu-ds41-hc gate-gpu-ds41-index gate-gpu-ds41-long gate-gpu-ds41-media gate-gpu-ds41-moe gate-gpu-ds41-prefill gate-gpu-ds41-residency-a gate-gpu-ds41-rope gate-gpu-ds41-step gate-gpu-ds41-tier gate-gpu-ds41-twocard gate-gpu-ds41-unpack gate-gpu-ds41-woa gate-gpu-dspark-experts gate-gpu-dspark-graph gate-gpu-dspark-hc gate-gpu-dspark-kv gate-gpu-glm-mla gate-gpu-glm-router gate-gpu-glm-sel gate-gpu-glm5next-e2e gate-gpu-glm5next-mtp gate-gpu-glm5next-stagger gate-gpu-glm5next-twocard gate-gpu-mcol	the module list only: the gates that use any module of the crate (every row below)
crates/gpu-deepseek41/src/{body.rs,body/**}	gate-ds41-load gate-gpu-clef-serve gate-gpu-ds41-callstream gate-gpu-ds41-chain-attn gate-gpu-ds41-chat gate-gpu-ds41-draft gate-gpu-ds41-dspark-loop gate-gpu-ds41-long gate-gpu-ds41-media gate-gpu-ds41-prefill gate-gpu-ds41-residency-a gate-gpu-ds41-step gate-gpu-ds41-tier gate-gpu-ds41-twocard gate-gpu-glm5next-serve gate-gpu-qwen3-serve	the engine's assembly, prefill, CED and program: every gate that opens the V4.1 model (body::open, app's V4.1 session) or names body's constants
crates/gpu-deepseek41/src/swap.rs	gate-ds41-load gate-gpu-ds41-callstream gate-gpu-ds41-residency-a gate-gpu-ds41-chain-attn gate-gpu-ds41-chat gate-gpu-ds41-draft gate-gpu-ds41-dspark-loop gate-gpu-ds41-long gate-gpu-ds41-prefill gate-gpu-ds41-step gate-gpu-ds41-tier gate-gpu-ds41-twocard gate-gpu-ds41-unpack gate-gpu-glm5next-serve gate-gpu-qwen3-serve gate-gpu-clef-serve	the card-expert swap under the body, and the r8 unpack gate
crates/gpu-deepseek41/src/{chain/**,engram_gate.rs,span.rs,transpose.rs}	gate-ds41-load gate-gpu-ds41-callstream gate-gpu-ds41-chain-attn gate-gpu-ds41-chain-ffn gate-gpu-ds41-chain-glue gate-gpu-ds41-chat gate-gpu-ds41-draft gate-gpu-ds41-dspark-loop gate-gpu-ds41-engram gate-gpu-ds41-long gate-gpu-ds41-media gate-gpu-ds41-moe gate-gpu-ds41-prefill gate-gpu-ds41-residency-a gate-gpu-ds41-step gate-gpu-ds41-tier gate-gpu-ds41-twocard gate-gpu-dspark-graph gate-gpu-dspark-kv gate-gpu-glm5next-e2e gate-gpu-glm5next-mtp gate-gpu-glm5next-stagger gate-gpu-glm5next-twocard	the layer pieces: the V4.1 body, the chain gates, DSpark's graph and KV, and the GLM body, which runs the V4.1 chain
crates/gpu-deepseek41/src/attn.rs	gate-ds41-load gate-gpu-ds41-attn gate-gpu-ds41-callstream gate-gpu-ds41-residency-a gate-gpu-ds41-chain-attn gate-gpu-ds41-chain-ffn gate-gpu-ds41-chain-glue gate-gpu-ds41-chat gate-gpu-ds41-draft gate-gpu-ds41-dspark-loop gate-gpu-ds41-engram gate-gpu-ds41-index gate-gpu-ds41-long gate-gpu-ds41-prefill gate-gpu-ds41-step gate-gpu-ds41-tier gate-gpu-ds41-twocard gate-gpu-dspark-graph gate-gpu-dspark-kv gate-gpu-glm-mla gate-gpu-glm-sel gate-gpu-glm5next-e2e gate-gpu-glm5next-stagger gate-gpu-glm5next-mtp gate-gpu-glm5next-twocard	the chain's users and the attention, indexer and GLM MLA/selector gates (gate-gpu-ds41-attn gate-gpu-ds41-index gate-gpu-glm-mla gate-gpu-glm-sel)
crates/gpu-deepseek41/src/rope.rs	gate-ds41-load gate-gpu-ds41-callstream gate-gpu-ds41-residency-a gate-gpu-ds41-chain-attn gate-gpu-ds41-chain-ffn gate-gpu-ds41-chain-glue gate-gpu-ds41-chat gate-gpu-ds41-comp gate-gpu-ds41-draft gate-gpu-ds41-dspark-loop gate-gpu-ds41-engram gate-gpu-ds41-index gate-gpu-ds41-long gate-gpu-ds41-prefill gate-gpu-ds41-rope gate-gpu-ds41-step gate-gpu-ds41-tier gate-gpu-ds41-twocard gate-gpu-dspark-graph gate-gpu-dspark-kv gate-gpu-glm5next-e2e gate-gpu-glm5next-stagger gate-gpu-glm5next-mtp gate-gpu-glm5next-twocard	the chain's users and the rope, compressor and indexer gates (gate-gpu-ds41-comp gate-gpu-ds41-index gate-gpu-ds41-rope)
crates/gpu-deepseek41/src/router.rs	gate-ds41-load gate-gpu-ds41-callstream gate-gpu-ds41-chain-attn gate-gpu-ds41-chain-ffn gate-gpu-ds41-chain-glue gate-gpu-ds41-chat gate-gpu-ds41-draft gate-gpu-ds41-dspark-loop gate-gpu-ds41-engram gate-gpu-ds41-long gate-gpu-ds41-media gate-gpu-ds41-moe gate-gpu-ds41-prefill gate-gpu-ds41-residency-a gate-gpu-ds41-step gate-gpu-ds41-tier gate-gpu-ds41-twocard gate-gpu-dspark-graph gate-gpu-dspark-kv gate-gpu-glm-router gate-gpu-glm5next-e2e gate-gpu-glm5next-mtp gate-gpu-glm5next-stagger gate-gpu-glm5next-twocard	the chain's users and the MoE and GLM router gates (gate-gpu-ds41-moe gate-gpu-glm-router)
crates/gpu-deepseek41/src/{params.rs,indexer.rs}	gate-ds41-load gate-gpu-ds41-callstream gate-gpu-ds41-residency-a gate-gpu-ds41-chain-attn gate-gpu-ds41-chain-ffn gate-gpu-ds41-chain-glue gate-gpu-ds41-chat gate-gpu-ds41-draft gate-gpu-ds41-dspark-loop gate-gpu-ds41-engram gate-gpu-ds41-index gate-gpu-ds41-long gate-gpu-ds41-prefill gate-gpu-ds41-step gate-gpu-ds41-tier gate-gpu-ds41-twocard gate-gpu-dspark-graph gate-gpu-dspark-kv gate-gpu-glm5next-e2e gate-gpu-glm5next-stagger gate-gpu-glm5next-mtp gate-gpu-glm5next-twocard	the chain's users and the indexer gate (gate-gpu-ds41-index)
crates/gpu-deepseek41/src/hc.rs	gate-ds41-load gate-gpu-ds41-callstream gate-gpu-ds41-residency-a gate-gpu-ds41-chain-attn gate-gpu-ds41-chain-ffn gate-gpu-ds41-chain-glue gate-gpu-ds41-chat gate-gpu-ds41-draft gate-gpu-ds41-dspark-loop gate-gpu-ds41-engram gate-gpu-ds41-hc gate-gpu-ds41-long gate-gpu-ds41-prefill gate-gpu-ds41-step gate-gpu-ds41-tier gate-gpu-ds41-twocard gate-gpu-dspark-graph gate-gpu-dspark-hc gate-gpu-dspark-kv gate-gpu-glm5next-e2e gate-gpu-glm5next-stagger gate-gpu-glm5next-mtp gate-gpu-glm5next-twocard	the chain's users and the HC gates (gate-gpu-ds41-hc gate-gpu-dspark-hc)
crates/gpu-deepseek41/src/{compress.rs,index_key.rs}	gate-ds41-load gate-gpu-ds41-callstream gate-gpu-ds41-residency-a gate-gpu-ds41-chain-attn gate-gpu-ds41-chain-ffn gate-gpu-ds41-chain-glue gate-gpu-ds41-chat gate-gpu-ds41-comp gate-gpu-ds41-draft gate-gpu-ds41-dspark-loop gate-gpu-ds41-engram gate-gpu-ds41-index gate-gpu-ds41-long gate-gpu-ds41-prefill gate-gpu-ds41-step gate-gpu-ds41-tier gate-gpu-ds41-twocard gate-gpu-dspark-graph gate-gpu-dspark-kv gate-gpu-glm5next-e2e gate-gpu-glm5next-stagger gate-gpu-glm5next-mtp gate-gpu-glm5next-twocard	the chain's users and the compressor and indexer gates (gate-gpu-ds41-comp gate-gpu-ds41-index)
crates/gpu-deepseek41/src/dense.rs	gate-ds41-load gate-gpu-ds41-callstream gate-gpu-ds41-residency-a gate-gpu-ds41-chain-attn gate-gpu-ds41-chain-ffn gate-gpu-ds41-chain-glue gate-gpu-ds41-chat gate-gpu-ds41-draft gate-gpu-ds41-dspark-loop gate-gpu-ds41-engram gate-gpu-ds41-long gate-gpu-ds41-moe gate-gpu-ds41-prefill gate-gpu-ds41-step gate-gpu-ds41-tier gate-gpu-ds41-twocard gate-gpu-ds41-woa gate-gpu-dspark-graph gate-gpu-dspark-kv gate-gpu-glm5next-e2e gate-gpu-glm5next-stagger gate-gpu-glm5next-mtp gate-gpu-glm5next-twocard gate-gpu-mcol	the chain's users and the MoE, output-projection and m-column gates (gate-gpu-ds41-moe gate-gpu-ds41-woa gate-gpu-mcol)
crates/gpu-deepseek41/src/experts.rs	gate-ds41-load gate-gpu-ds41-callstream gate-gpu-ds41-residency-a gate-gpu-ds41-chain-attn gate-gpu-ds41-chain-ffn gate-gpu-ds41-chain-glue gate-gpu-ds41-chat gate-gpu-ds41-draft gate-gpu-ds41-dspark-loop gate-gpu-ds41-engram gate-gpu-ds41-long gate-gpu-ds41-moe gate-gpu-ds41-prefill gate-gpu-ds41-step gate-gpu-ds41-tier gate-gpu-ds41-twocard gate-gpu-ds41-woa gate-gpu-dspark-experts gate-gpu-dspark-graph gate-gpu-dspark-kv gate-gpu-glm5next-e2e gate-gpu-glm5next-stagger gate-gpu-glm5next-mtp gate-gpu-glm5next-twocard gate-gpu-mcol	the chain's users and the MoE, output-projection, DSpark expert and m-column gates (gate-gpu-ds41-moe gate-gpu-ds41-woa gate-gpu-dspark-experts gate-gpu-mcol)
crates/gpu-deepseek41/src/{draft/**,experts_mxfp4.rs,markov.rs,hc_f32.rs}	gate-gpu-ds41-callstream gate-gpu-ds41-residency-a gate-gpu-ds41-chat gate-gpu-ds41-draft gate-gpu-ds41-dspark-loop gate-gpu-ds41-twocard gate-gpu-dspark-experts gate-gpu-dspark-graph gate-gpu-dspark-hc gate-gpu-dspark-kv gate-gpu-glm5next-serve gate-gpu-qwen3-serve gate-gpu-clef-serve	the DSpark draft: app's V4.1 session (the draft it carries) and the DSpark gates

# crates/gpu-gates' lib, below its bins.
crates/gpu-gates/src/record.rs	gate-gpu-ds41-callstream gate-gpu-ds41-residency-a gate-gpu-ds41-chat gate-gpu-ds41-draft gate-gpu-ds41-dspark-loop gate-gpu-ds41-prefill gate-gpu-ds41-tier gate-gpu-ds41-twocard gate-gpu-swap	the record kinds: the bins that print records (generate_ds41, bloomery-chat, bloomery-serve-ds41, the prefill, residency, callstream and swap gates) and generate.rs's users
crates/gpu-gates/src/generate.rs	gate-gpu-ds41-callstream gate-gpu-ds41-residency-a gate-gpu-ds41-chat gate-gpu-ds41-draft gate-gpu-ds41-dspark-loop gate-gpu-ds41-prefill gate-gpu-ds41-tier gate-gpu-ds41-twocard	the V4.1 generate loop shared by generate_ds41, the chat and serve bins and the tier and two-card gates
crates/gpu-gates/src/{bind.rs,serve_client.rs}	gate-ds41-bind	the V4.1 server's engine binding and its HTTP client: gpu-gates' bind tests; bloomery-serve-ds41 and its gate are weekly-gpu-ds41-serve (a trigger below)
crates/gpu-gates/src/engine.rs	gate-gpu-e2e	AnyEngine, the V2-Lite and Qwen3 engine behind gate_e2e
crates/gpu-gates/src/prompts.rs	gate-gpu-ds41-long gate-gpu-e2e gate-gpu-hybrid gate-gpu-qwen3moe-e2e	the prompt and greedy-file readers of the long, e2e, hybrid and qwen3moe e2e gates
crates/gpu-gates/src/qwen3moe.rs	gate-gpu-qwen3moe-down gate-gpu-qwen3moe-experts gate-gpu-qwen3moe-flash gate-gpu-qwen3moe-rope gate-gpu-qwen3moe-router	the Qwen3 kernel gates' shared sets
crates/gpu-gates/src/gemm32.rs	gate-gpu-gemm gate-gpu-glm5next-gemm	the 32-value GEMM's host transcription: the gates that hold its outputs bit for bit
crates/gpu-glm5next/src/gemm.rs	gate-gpu-glm5next-gemm	the GLM prompt front on the GEMM: no engine caller yet, its gate alone
crates/gpu-glm5next/src/{lib.rs,body.rs,ffn.rs,forced.rs,host.rs,kda.rs,mla.rs,nextn.rs,pair.rs,prefill.rs,program.rs,seq.rs,swap.rs,tensors.rs,tier.rs}	gate-gpu-glm5next-e2e gate-gpu-glm5next-mtp gate-gpu-glm5next-residency gate-gpu-glm5next-serve gate-gpu-glm5next-stagger gate-gpu-glm5next-twocard	the GLM engine: the gates that drive the GLM model (gate_glm5next_e2e/_mtp/_twocard/_residency, generate_glm5next, and the GLM seat's bloomery-serve, which gate-gpu-glm5next-serve builds). The clef and qwen3 serve gates build bloomery-serve for their own seats and never run GLM code; gemm.rs keeps its row above (no engine caller)

# crates/app: the session. Session<B> is generic; each arch module holds the impls for its own body.
crates/app/src/{lib.rs,arch/mod.rs}	gate-gpu-ds41-callstream gate-gpu-ds41-residency-a gate-gpu-ds41-chat gate-gpu-ds41-draft gate-gpu-ds41-dspark-loop gate-gpu-ds41-prefill gate-gpu-ds41-step gate-gpu-ds41-twocard gate-gpu-glm5next-e2e gate-gpu-glm5next-stagger gate-gpu-glm5next-mtp gate-gpu-glm5next-twocard gate-gpu-qwen3moe-e2e	the generic session every app user runs: the V4.1 gates and bins, the GLM gates, and the qwen3moe e2e gate
crates/app/src/arch/deepseek41/**	gate-gpu-clef-serve gate-gpu-ds41-callstream gate-gpu-ds41-chat gate-gpu-ds41-draft gate-gpu-ds41-dspark-loop gate-gpu-ds41-media gate-gpu-ds41-residency-a gate-gpu-ds41-twocard gate-gpu-glm5next-serve gate-gpu-qwen3-serve	the V4.1 session impls and its draft: generate_ds41, the chat and serve bins, and the gates that drive them
crates/app/src/arch/glm5next/**	gate-gpu-glm5next-e2e gate-gpu-glm5next-stagger gate-gpu-glm5next-mtp gate-gpu-glm5next-twocard gate-gpu-glm5next-residency gate-gpu-glm5next-serve gate-gpu-qwen3-serve gate-gpu-clef-serve	the GLM session impls: the GLM e2e gate
crates/app/src/{mtp.rs,arch/qwen3moe/**}	gate-app gate-gpu-qwen3moe-e2e gate-gpu-qwen38-serve gate-gpu-qwen4exp-mtp gate-gpu-glm5next-e2e gate-gpu-glm5next-stagger gate-gpu-glm5next-mtp gate-gpu-glm5next-residency gate-gpu-glm5next-serve gate-gpu-glm5next-twocard gate-gpu-qwen3-serve gate-gpu-clef-serve	the shared MTP window and the qwen3moe session impls: the app tests, the qwen3moe e2e gate, the Qwen3.8 serve seat and MTP gates
crates/runtime/src/**	gate-ops gate-placement gate-union gate-fixture gate-app gate-deepseek4-meta gate-ds41-bind gate-ds41-host gate-ds41-kld gate-ds41-load gate-ds41-meta gate-ds41-oracle gate-ds41-plan gate-dspark-read gate-glm5next-meta gate-qwen35moe-meta gate-qwen3moe-meta gate-qwen4exp-meta gate-ptx-spill gate-gpu-e2e gate-gpu-gemm gate-gpu-lib gate-gpu-gates-lib gate-gpu-head gate-gpu-hc-gated gate-gpu-kquant gate-gpu-mcol gate-gpu-moe gate-gpu-p10 gate-gpu-swap gate-gpu-clef-hidden gate-gpu-clef-serve gate-gpu-glm-sel gate-gpu-glm5next-e2e gate-gpu-glm5next-gemm gate-gpu-glm5next-mtp gate-gpu-glm5next-residency gate-gpu-glm5next-serve gate-gpu-glm5next-stagger gate-gpu-glm5next-twocard gate-gpu-qwen3-serve gate-gpu-qwen3moe-e2e gate-gpu-qwen3moe-experts gate-gpu-qwen3moe-flash gate-gpu-qwen3moe-head gate-gpu-qwen3moe-rope gate-gpu-qwen3moe-router gate-gpu-qwen35moe-attn gate-gpu-qwen35moe-e2e gate-gpu-qwen35moe-moe gate-gpu-qwen38-residency gate-gpu-qwen38-serve gate-gpu-qwen38-twocard gate-gpu-qwen4exp-e2e gate-gpu-qwen4exp-mtp gate-gpu-ds41-callstream gate-gpu-ds41-chain-attn gate-gpu-ds41-chain-ffn gate-gpu-ds41-chain-glue gate-gpu-ds41-chat gate-gpu-ds41-comp gate-gpu-ds41-draft gate-gpu-ds41-dspark-loop gate-gpu-ds41-engram gate-gpu-ds41-index gate-gpu-ds41-lib gate-gpu-ds41-long gate-gpu-ds41-media gate-gpu-ds41-moe gate-gpu-ds41-prefill gate-gpu-ds41-residency-a gate-gpu-ds41-step gate-gpu-ds41-tier gate-gpu-ds41-twocard gate-gpu-ds41-unpack gate-gpu-ds41-woa gate-gpu-dspark-experts gate-gpu-dspark-graph gate-gpu-dspark-hc gate-gpu-dspark-kv	the generation loop and its stores: every gate that names a runtime path in its own code (runtime::combine in gate_kquant and the chain-ffn/prefill bins, hc_gated, qsa, seqstate, swaprule, stores), loads weights through bloomery_gpu::weights (whose every loader entry funnels into upload_rows → runtime::words::stream_words), or opens a model or session (arch place.rs → runtime::stores; clef-hidden opens the Qwen3.5 body, whose body35.rs reads runtime::seqstate). The gates left out load no model and name no runtime path: the synthetic kernel gates upload through DeviceTensor::upload/from_host and read reference values host-side, the CPU oracle gates read the model host-side, and gate-runtime is picked as its own lib's tests

crates/serve/{src/**,build.rs}	gate-ds41-bind	the llama-server-compatible API: gpu-gates' bind tests (bloomery-serve-ds41's gate is weekly-gpu-ds41-serve, a trigger below); gate-serve is its own
crates/tokenizer/src/**	gate-app gate-decision-clef gate-deepseek4-meta gate-ds41-bind gate-ds41-host gate-ds41-kld gate-ds41-load gate-ds41-meta gate-ds41-oracle gate-ds41-plan gate-dspark-read gate-fixture gate-glm5next-meta gate-gpu-ds41-callstream gate-gpu-ds41-residency-a gate-gpu-ds41-chain-attn gate-gpu-ds41-chain-ffn gate-gpu-ds41-chain-glue gate-gpu-ds41-chat gate-gpu-ds41-comp gate-gpu-ds41-draft gate-gpu-ds41-dspark-loop gate-gpu-ds41-engram gate-gpu-ds41-index gate-gpu-ds41-lib gate-gpu-ds41-long gate-gpu-ds41-prefill gate-gpu-ds41-step gate-gpu-ds41-tier gate-gpu-ds41-twocard gate-gpu-ds41-unpack gate-gpu-dspark-experts gate-gpu-dspark-graph gate-gpu-dspark-hc gate-gpu-dspark-kv gate-gpu-e2e gate-gpu-gates-lib gate-gpu-gemm gate-gpu-glm-sel gate-gpu-glm5next-e2e gate-gpu-glm5next-stagger gate-gpu-glm5next-mtp gate-gpu-glm5next-twocard gate-gpu-lib gate-gpu-mcol gate-gpu-qwen35moe-e2e gate-gpu-qwen35moe-moe gate-gpu-qwen3moe-e2e gate-gpu-qwen3moe-experts gate-gpu-qwen3moe-head gate-gpu-qwen3moe-router gate-gpu-qwen4exp-e2e gate-gpu-qwen4exp-mtp gate-ops gate-placement gate-qwen35moe-meta gate-qwen3moe-meta gate-qwen4exp-meta gate-union	the encoder and decoder, and Pre::of, which coverage::check asks at every placement plan (model::arch::*::place): every gate that plans a placement or tokenizes text

# crates/refset: the reference-set readers. Every oracle read goes through refset::arch's dispatch (node_dumps,
# families) and a family's check; which family a gate asks for is its run-time arch, so a family's row keeps every
# dispatch user.
crates/refset/src/{lib,family,mtpref,dsref,greedy,kld,vision,ik,columns}.rs	gate-attn gate-derived gate-ds41-bind gate-ds41-host gate-ds41-kld gate-ds41-load gate-ds41-meta gate-ds41-oracle gate-ds41-plan gate-ffn gate-forward gate-gpu-block gate-gpu-clef-hidden gate-gpu-ds41-attn gate-gpu-ds41-chain-attn gate-gpu-ds41-chain-ffn gate-gpu-ds41-chain-glue gate-gpu-ds41-comp gate-gpu-ds41-engram gate-gpu-ds41-hc gate-gpu-ds41-index gate-gpu-ds41-long gate-gpu-ds41-media gate-gpu-ds41-moe gate-gpu-ds41-rope gate-gpu-ds41-step gate-gpu-ds41-woa gate-gpu-dspark-experts gate-gpu-dspark-graph gate-gpu-dspark-hc gate-gpu-dspark-kv gate-gpu-gates-lib gate-gpu-glm-sel gate-gpu-glm5next-e2e gate-gpu-glm5next-mtp gate-gpu-glm5next-residency gate-gpu-glm5next-stagger gate-gpu-glm5next-twocard gate-gpu-head gate-gpu-linear gate-gpu-mcol gate-gpu-moe gate-gpu-p0b gate-gpu-p4 gate-gpu-p5 gate-gpu-p6 gate-gpu-p8 gate-gpu-p8b gate-gpu-qwen35moe-attn gate-gpu-qwen35moe-e2e gate-gpu-qwen35moe-moe gate-gpu-qwen3moe-down gate-gpu-qwen3moe-e2e gate-gpu-qwen3moe-experts gate-gpu-qwen3moe-flash gate-gpu-qwen3moe-rope gate-gpu-qwen3moe-router gate-gpu-qwen4exp-e2e gate-gpu-qwen4exp-mtp gate-gpu-vision gate-head gate-kv gate-moe gate-mt gate-ops gate-profile gate-qwen3moe-meta gate-union gate-vision	the readers and the family check every set goes through: every gate that reads a reference set
crates/refset/src/arch/mod.rs	gate-ds41-bind gate-ds41-kld gate-ds41-load gate-ds41-oracle gate-ds41-plan gate-gpu-block gate-gpu-ds41-attn gate-gpu-ds41-chain-attn gate-gpu-ds41-chain-ffn gate-gpu-ds41-chain-glue gate-gpu-ds41-comp gate-gpu-ds41-engram gate-gpu-ds41-hc gate-gpu-ds41-index gate-gpu-ds41-media gate-gpu-ds41-moe gate-gpu-ds41-rope gate-gpu-ds41-step gate-gpu-ds41-woa gate-gpu-gates-lib gate-gpu-head gate-gpu-linear gate-gpu-moe gate-gpu-p0b gate-gpu-p4 gate-gpu-p5 gate-gpu-p6 gate-gpu-p8 gate-gpu-p8b gate-gpu-qwen3moe-down gate-gpu-qwen3moe-e2e gate-gpu-qwen3moe-experts gate-gpu-qwen3moe-flash gate-gpu-qwen3moe-rope gate-gpu-qwen3moe-router	the per-arch dispatch (node_dumps, families, named): every oracle user
crates/refset/src/arch/deepseek41/**	gate-ds41-bind gate-ds41-host gate-ds41-kld gate-ds41-load gate-ds41-meta gate-ds41-oracle gate-ds41-plan gate-gpu-block gate-gpu-ds41-attn gate-gpu-ds41-chain-attn gate-gpu-ds41-chain-ffn gate-gpu-ds41-chain-glue gate-gpu-ds41-comp gate-gpu-ds41-engram gate-gpu-ds41-hc gate-gpu-ds41-index gate-gpu-ds41-long gate-gpu-ds41-moe gate-gpu-ds41-rope gate-gpu-ds41-step gate-gpu-ds41-woa gate-gpu-dspark-experts gate-gpu-dspark-graph gate-gpu-dspark-hc gate-gpu-dspark-kv gate-gpu-gates-lib gate-gpu-glm5next-serve gate-gpu-head gate-gpu-linear gate-gpu-mcol gate-gpu-moe gate-gpu-p0b gate-gpu-p4 gate-gpu-p5 gate-gpu-p6 gate-gpu-p8 gate-gpu-p8b gate-gpu-qwen3moe-down gate-gpu-qwen3moe-e2e gate-gpu-qwen3moe-experts gate-gpu-qwen3moe-flash gate-gpu-qwen3moe-rope gate-gpu-qwen3moe-router gate-union gate-gpu-qwen3-serve gate-gpu-clef-serve	the deepseek41 family's sets: the dispatch users and the gates that name the family
crates/refset/src/arch/deepseek41v/**	gate-ds41-bind gate-ds41-kld gate-ds41-load gate-ds41-oracle gate-ds41-plan gate-gpu-block gate-gpu-ds41-attn gate-gpu-ds41-chain-attn gate-gpu-ds41-chain-ffn gate-gpu-ds41-chain-glue gate-gpu-ds41-comp gate-gpu-ds41-engram gate-gpu-ds41-hc gate-gpu-ds41-index gate-gpu-ds41-media gate-gpu-ds41-moe gate-gpu-ds41-rope gate-gpu-ds41-step gate-gpu-ds41-woa gate-gpu-gates-lib gate-gpu-head gate-gpu-linear gate-gpu-moe gate-gpu-p0b gate-gpu-p4 gate-gpu-p5 gate-gpu-p6 gate-gpu-p8 gate-gpu-p8b gate-gpu-qwen3moe-down gate-gpu-qwen3moe-e2e gate-gpu-qwen3moe-experts gate-gpu-qwen3moe-flash gate-gpu-qwen3moe-rope gate-gpu-qwen3moe-router gate-gpu-vision gate-vision	the deepseek41v family's sets: the dispatch users and the gates that name the family
crates/refset/src/arch/glm5next/**	gate-ds41-bind gate-ds41-kld gate-ds41-load gate-ds41-oracle gate-ds41-plan gate-gpu-block gate-gpu-ds41-attn gate-gpu-ds41-chain-attn gate-gpu-ds41-chain-ffn gate-gpu-ds41-chain-glue gate-gpu-ds41-comp gate-gpu-ds41-engram gate-gpu-ds41-hc gate-gpu-ds41-index gate-gpu-ds41-moe gate-gpu-ds41-rope gate-gpu-ds41-step gate-gpu-ds41-woa gate-gpu-gates-lib gate-gpu-glm-sel gate-gpu-glm5next-e2e gate-gpu-glm5next-stagger gate-gpu-glm5next-mtp gate-gpu-glm5next-twocard gate-gpu-glm5next-residency gate-gpu-head gate-gpu-linear gate-gpu-moe gate-gpu-p0b gate-gpu-p4 gate-gpu-p5 gate-gpu-p6 gate-gpu-p8 gate-gpu-p8b gate-gpu-qwen3moe-down gate-gpu-qwen3moe-e2e gate-gpu-qwen3moe-experts gate-gpu-qwen3moe-flash gate-gpu-qwen3moe-rope gate-gpu-qwen3moe-router gate-gpu-glm5next-gemm	the glm5next family's sets: the dispatch users and the gates that name the family
crates/refset/src/arch/qwen35moe/**	gate-ds41-bind gate-ds41-kld gate-ds41-load gate-ds41-oracle gate-ds41-plan gate-gpu-block gate-gpu-ds41-attn gate-gpu-ds41-chain-attn gate-gpu-ds41-chain-ffn gate-gpu-ds41-chain-glue gate-gpu-ds41-comp gate-gpu-ds41-engram gate-gpu-ds41-hc gate-gpu-ds41-index gate-gpu-ds41-moe gate-gpu-ds41-rope gate-gpu-ds41-step gate-gpu-ds41-woa gate-gpu-gates-lib gate-gpu-head gate-gpu-linear gate-gpu-moe gate-gpu-p0b gate-gpu-p4 gate-gpu-p5 gate-gpu-p6 gate-gpu-p8 gate-gpu-p8b gate-gpu-qwen35moe-attn gate-gpu-qwen35moe-e2e gate-gpu-qwen35moe-moe gate-gpu-qwen3moe-down gate-gpu-qwen3moe-e2e gate-gpu-qwen3moe-experts gate-gpu-qwen3moe-flash gate-gpu-qwen3moe-rope gate-gpu-qwen3moe-router	the qwen35moe family's sets: the dispatch users and the gates that name the family
crates/refset/src/arch/qwen4exp/**	gate-ds41-bind gate-ds41-kld gate-ds41-load gate-ds41-oracle gate-ds41-plan gate-gpu-block gate-gpu-ds41-attn gate-gpu-ds41-chain-attn gate-gpu-ds41-chain-ffn gate-gpu-ds41-chain-glue gate-gpu-ds41-comp gate-gpu-ds41-engram gate-gpu-ds41-hc gate-gpu-ds41-index gate-gpu-ds41-moe gate-gpu-ds41-rope gate-gpu-ds41-step gate-gpu-ds41-woa gate-gpu-gates-lib gate-gpu-glm5next-serve gate-gpu-head gate-gpu-linear gate-gpu-moe gate-gpu-p0b gate-gpu-p4 gate-gpu-p5 gate-gpu-p6 gate-gpu-p8 gate-gpu-p8b gate-gpu-qwen38-residency gate-gpu-qwen38-serve gate-gpu-qwen38-twocard gate-gpu-qwen3moe-down gate-gpu-qwen3moe-e2e gate-gpu-qwen3moe-experts gate-gpu-qwen3moe-flash gate-gpu-qwen3moe-rope gate-gpu-qwen3moe-router gate-gpu-qwen4exp-e2e gate-gpu-qwen4exp-mtp gate-gpu-qwen3-serve gate-gpu-clef-serve	the qwen4exp family's sets: the dispatch users and the gates that name the family

# crates/model's arch modules: arch::spec (mod.rs) dispatches a file's reader by its general.architecture, but a
# family's module also runs for gates that open another family's file — the modules call each other
# (qwen35moe/mod.rs embeds through deepseek2::forward, dspark.rs reads deepseek41's names and hyperparameters,
# deepseek41/spec.rs reads dspark's) and other crates call them on another family's path (GLM's ffn runs
# bloomery-gpu-deepseek41's chain::ffn, which reads arch::deepseek41's host and names; bloomery-gpu-gates'
# model_file.rs, which 93 gates link, calls qwen35moe::place) — so no row per family can be bounded by the
# files a gate opens. One row: every gate that links the modules, less the gates whose bins only read tensors
# through gguf::Gguf or build synthetic blocks and call no arch module (their own code, and the bloomery-gpu
# kernel modules and bloomery-gpu-gates helpers they call, name no model::arch::<family> path).
crates/model/src/arch/**	gate-gpu-p4 gate-gpu-p6 gate-gpu-kquant gate-gpu-iq-sel gate-gpu-hc-gated gate-gpu-glm-router gate-gpu-ds41-hc gate-gpu-e2e gate-gpu-hybrid gate-gpu-swap gate-gpu-p0b gate-gpu-p8 gate-gpu-moe gate-gpu-ds41-moe gate-gpu-ds41-chain-ffn gate-gpu-p10 gate-ops gate-attn gate-ffn gate-moe gate-head gate-forward gate-kv gate-alloc gate-derived gate-mt gate-profile gate-placement gate-ds41-meta gate-qwen3moe-meta gate-qwen35moe-meta gate-gpu-qwen3moe-rope gate-gpu-qwen3moe-router gate-gpu-qwen35moe-moe gate-gpu-qwen35moe-e2e gate-gpu-clef-hidden gate-gpu-clef-serve gate-gpu-qwen4exp-e2e gate-gpu-qwen4exp-mtp gate-gpu-qwen3moe-down gate-gpu-qwen3moe-head gate-gpu-gemm gate-gpu-linear gate-gpu-qwen35moe-attn gate-gpu-glm-mla gate-gpu-glm-sel gate-gpu-glm5next-gemm gate-gpu-qwen3moe-flash gate-gpu-qwen3moe-experts gate-gpu-qwen3moe-e2e gate-ds41-host gate-union gate-r8 gate-fixture gate-app gate-prompts gate-gpu-head gate-gpu-mcol gate-gpu-lib gate-gpu-gates-lib gate-ds41-oracle gate-ds41-plan gate-gpu-ds41-rope gate-gpu-ds41-comp gate-gpu-ds41-index gate-gpu-ds41-lib gate-ds41-bind gate-ds41-place gate-ds41-kld gate-gpu-ds41-engram gate-gpu-ds41-chain-glue gate-gpu-ds41-woa gate-gpu-ds41-attn gate-gpu-ds41-chain-attn gate-gpu-ds41-step gate-gpu-ds41-tier gate-gpu-ds41-twocard gate-gpu-ds41-unpack gate-gpu-ds41-callstream gate-gpu-ds41-residency-a gate-gpu-ds41-long gate-gpu-ds41-draft gate-gpu-ds41-dspark-loop gate-gpu-ds41-prefill gate-gpu-ds41-media gate-gpu-ds41-chat gate-gpu-qwen38-residency gate-gpu-qwen38-twocard gate-gpu-qwen38-serve gate-gpu-qwen3-serve gate-ds41-load gate-gpu-p8b gate-ptx-spill gate-dspark-read gate-gpu-dspark-hc gate-gpu-dspark-experts gate-gpu-dspark-kv gate-gpu-dspark-graph gate-deepseek4-meta gate-glm5next-meta gate-gpu-glm5next-e2e gate-gpu-glm5next-stagger gate-gpu-glm5next-mtp gate-gpu-glm5next-twocard gate-gpu-glm5next-residency gate-gpu-glm5next-serve gate-qwen4exp-meta	every gate that links an arch module, less the gguf-only kernel gates (above): a family's code runs wherever any family's file is opened
crates/model/src/arch/mod.rs	gate-gpu-p1 gate-gpu-p2 gate-gpu-p3 gate-gpu-p4 gate-gpu-p5 gate-gpu-p6 gate-gpu-p9 gate-gpu-q4k-sel gate-gpu-kquant gate-gpu-cand gate-gpu-hc-gated gate-gpu-glm-router gate-gpu-iq gate-gpu-iq-sel gate-gpu-q6k-ids gate-gpu-ds41-hc gate-gpu-e2e gate-gpu-hybrid gate-gpu-swap gate-gpu-p0b gate-gpu-p8 gate-gpu-moe gate-gpu-ds41-moe gate-gpu-ds41-chain-ffn gate-gpu-block gate-gpu-p10 gate-ops gate-attn gate-ffn gate-moe gate-head gate-forward gate-kv gate-alloc gate-derived gate-mt gate-profile gate-placement gate-ds41-meta gate-qwen3moe-meta gate-qwen35moe-meta gate-gpu-qwen3moe-rope gate-gpu-qwen3moe-router gate-gpu-qwen35moe-moe gate-gpu-qwen35moe-e2e gate-gpu-clef-hidden gate-gpu-clef-serve gate-gpu-qwen4exp-e2e gate-gpu-qwen4exp-mtp gate-gpu-qwen3moe-down gate-gpu-qwen3moe-head gate-gpu-gemm gate-gpu-linear gate-gpu-qwen35moe-attn gate-gpu-glm-mla gate-gpu-glm-sel gate-gpu-glm5next-gemm gate-gpu-qwen3moe-flash gate-gpu-qwen3moe-experts gate-gpu-qwen3moe-e2e gate-ds41-host gate-union gate-r8 gate-fixture gate-app gate-prompts gate-gpu-head gate-gpu-mcol gate-gpu-lib gate-gpu-gates-lib gate-ds41-oracle gate-ds41-plan gate-gpu-ds41-rope gate-gpu-ds41-comp gate-gpu-ds41-index gate-gpu-ds41-lib gate-ds41-bind gate-ds41-place gate-ds41-kld gate-gpu-ds41-engram gate-gpu-ple gate-gpu-ds41-chain-glue gate-gpu-ds41-woa gate-gpu-ds41-attn gate-gpu-ds41-chain-attn gate-gpu-ds41-step gate-gpu-ds41-tier gate-gpu-ds41-twocard gate-gpu-ds41-unpack gate-gpu-ds41-callstream gate-gpu-ds41-residency-a gate-gpu-ds41-long gate-gpu-ds41-draft gate-gpu-ds41-dspark-loop gate-gpu-ds41-prefill gate-gpu-ds41-media gate-gpu-ds41-chat gate-gpu-qwen38-residency gate-gpu-qwen38-twocard gate-gpu-qwen38-serve gate-gpu-qwen3-serve gate-ds41-load gate-gpu-p8b gate-ptx-spill gate-dspark-read gate-gpu-dspark-hc gate-gpu-dspark-experts gate-gpu-dspark-kv gate-gpu-dspark-graph gate-gpu-vision gate-deepseek4-meta gate-glm5next-meta gate-gpu-glm5next-e2e gate-gpu-glm5next-stagger gate-gpu-glm5next-mtp gate-gpu-glm5next-twocard gate-gpu-glm5next-residency gate-gpu-glm5next-serve gate-qwen4exp-meta	the dispatch and Arch: every gate that links it, the gguf-only kernel gates too — bloomery-gpu's fault sites (fault.rs) and bloomery-gpu-gates' family check (lib.rs, the oracle) read Arch in them
crates/gpu/src/weights.rs	gate-gpu-p1 gate-gpu-p2 gate-gpu-p3 gate-gpu-p4 gate-gpu-p5 gate-gpu-p6 gate-gpu-p9 gate-gpu-q4k-sel gate-gpu-kquant gate-gpu-cand gate-gpu-hc-gated gate-gpu-glm-router gate-gpu-iq gate-gpu-iq-sel gate-gpu-q6k-ids gate-gpu-ds41-hc gate-gpu-e2e gate-gpu-hybrid gate-gpu-swap gate-gpu-p0b gate-gpu-p8 gate-gpu-moe gate-gpu-ds41-moe gate-gpu-ds41-chain-ffn gate-gpu-p10 gate-gpu-qwen3moe-rope gate-gpu-qwen3moe-router gate-gpu-qwen35moe-moe gate-gpu-qwen35moe-e2e gate-gpu-clef-hidden gate-gpu-clef-serve gate-gpu-qwen4exp-e2e gate-gpu-qwen4exp-mtp gate-gpu-qwen3moe-down gate-gpu-qwen3moe-head gate-gpu-gemm gate-gpu-linear gate-gpu-qwen35moe-attn gate-gpu-glm-mla gate-gpu-glm-sel gate-gpu-glm5next-gemm gate-gpu-qwen3moe-flash gate-gpu-qwen3moe-experts gate-gpu-qwen3moe-e2e gate-app gate-gpu-head gate-gpu-mcol gate-gpu-lib gate-gpu-ds41-rope gate-gpu-ds41-comp gate-gpu-ds41-index gate-gpu-ds41-lib gate-ds41-bind gate-ds41-place gate-gpu-ds41-engram gate-gpu-ple gate-gpu-ds41-chain-glue gate-gpu-ds41-woa gate-gpu-ds41-attn gate-gpu-ds41-chain-attn gate-gpu-ds41-step gate-gpu-ds41-tier gate-gpu-ds41-twocard gate-gpu-ds41-unpack gate-gpu-ds41-callstream gate-gpu-ds41-residency-a gate-gpu-ds41-long gate-gpu-ds41-draft gate-gpu-ds41-dspark-loop gate-gpu-ds41-prefill gate-gpu-ds41-media gate-gpu-ds41-chat gate-gpu-qwen38-residency gate-gpu-qwen38-twocard gate-gpu-qwen38-serve gate-gpu-qwen3-serve gate-ds41-load gate-gpu-p8b gate-ptx-spill gate-gpu-dspark-hc gate-gpu-dspark-experts gate-gpu-dspark-kv gate-gpu-dspark-graph gate-gpu-vision gate-gpu-glm5next-e2e gate-gpu-glm5next-stagger gate-gpu-glm5next-mtp gate-gpu-glm5next-twocard gate-gpu-glm5next-residency gate-gpu-glm5next-serve	the card weight loaders: every gate whose targets link bloomery-gpu (weights.rs compiles and loads into each)

# crates/gpu's per-arch bodies: GpuModel<B> is generic; a body's impls run where B is that body.
crates/gpu/src/arch/qwen3moe/**	gate-ds41-bind gate-gpu-clef-hidden gate-gpu-e2e gate-gpu-gemm gate-gpu-glm5next-serve gate-gpu-qwen35moe-e2e gate-gpu-qwen35moe-moe gate-gpu-qwen38-residency gate-gpu-qwen38-serve gate-gpu-qwen38-twocard gate-gpu-qwen3moe-e2e gate-gpu-qwen3moe-experts gate-gpu-qwen3moe-head gate-gpu-qwen3moe-router gate-gpu-qwen4exp-e2e gate-gpu-qwen4exp-mtp gate-gpu-qwen3-serve gate-gpu-clef-serve	the Qwen3, Qwen3.5 and Qwen4 bodies: the bins that name them (the qwen gates, gate_gemm) and AnyEngine (gate_e2e; bind's tests build it under deepseek41)
crates/gpu/src/arch/deepseek2/**	gate-ds41-bind gate-gpu-e2e gate-gpu-hybrid gate-gpu-moe gate-gpu-p0b gate-gpu-p10 gate-gpu-p4 gate-gpu-p8 gate-gpu-p8b	the V2-Lite body: the V2-Lite GPU gates and AnyEngine (gate_e2e)

# The weekly tier's triggers (`just weekly` runs every weekly-* recipe). A weekly-* name in a row is a trigger: a
# changed file the glob matches names that recipe in `just affected`, with or without --narrow, and a change of the
# recipe's own text does too. A trigger does not map a file for --narrow: a file only these rows match, read by a gate
# through a dependency, still keeps the full list. `just check-recipes` holds each trigger to the tree: its recipe is a
# weekly-* recipe, each alternative matches a file, the recipe reads at least one file the glob matches, and every
# weekly-* recipe has a row.
crates/serve/**	weekly-gpu-ds41-serve	the server crate
crates/gpu-gates/src/bin/{bloomery_serve_ds41.rs,gate_ds41_serve.rs}	weekly-gpu-ds41-serve	the V4.1 server and its gate's own bins
crates/gpu-gates/src/{bind*,serve_client.rs}	weekly-gpu-ds41-serve	the server's engine binding and the gate's HTTP client
crates/app/**	weekly-gpu-ds41-serve	the session the server drives
crates/gpu-glm5next/**	weekly-gpu-glm5next-e2e-long	the GLM engine: its long step sets are its only comparisons with ik past 4 positions
crates/model/src/arch/glm5next/**	weekly-gpu-glm5next-e2e-long	the GLM file's reader and placement
crates/gpu-gates/src/bin/{gate_glm5next_e2e.rs,generate_glm5next.rs}	weekly-gpu-glm5next-e2e-long	the GLM end-to-end gate's own bin and the GLM CLI
tools/flow/**	weekly-gpu-ds41-flowcounts	the flow model and its plans, which --counts holds to the engine's
crates/gpu-deepseek41/src/body/prefill*.rs	weekly-gpu-ds41-flowcounts	the prompt call's counters (stat prefill front, stat prefill lb)
crates/gpu-gates/src/record.rs	weekly-gpu-ds41-flowcounts	the record kinds, the prefill stats' among them
crates/gpu/src/host/step.rs	weekly-gpu-ds41-lost	the step's go wait (wait_go) and its deadline (GO_DEADLINE), past which a card is named lost
crates/gpu/src/host/{mod.rs,tier.rs,batch.rs}	weekly-gpu-ds41-lost	the host tier's lost-card path: settle_tier, lose_tier and set_lost (the CardLost poison), the tier card's wait_for and lost_detail, and the prompt call's (tier_rows_of's lose_tier_as, begin_group's refusal)
crates/gpu-gates/src/bin/{gate_deepseek41_tier.rs,gate_deepseek41_twocard.rs}	weekly-gpu-ds41-lost	the two lost-card clauses' own bins
crates/gpu/src/cand.rs	weekly-gpu-ds41-cand	the candidate mask's kernels, which the weekly runs past 16,384 positions on the live model
crates/gpu-deepseek41/src/{indexer.rs,chain/attn.rs,chain/attn/batch.rs}	weekly-gpu-ds41-cand	the indexer's split launcher and the select path's candidate launches, per row of words in the step and per chunk in the prompt batch
crates/gpu-deepseek41/src/{body.rs,body/ced.rs,body/prefill.rs}	weekly-gpu-ds41-cand	the decode and pair wiring, the triangle's candidate source, and the prompt batch's kept blocks per batch set
crates/gpu-gates/src/bin/{gate_deepseek41_long.rs,gate_deepseek41_prefill.rs,shared/ds41_cand.rs}	weekly-gpu-ds41-cand	the weekly's two clauses and their candidate rule
crates/placement/src/**	gate-app gate-deepseek4-meta gate-ds41-bind gate-ds41-host gate-ds41-kld gate-ds41-load gate-ds41-meta gate-ds41-oracle gate-ds41-plan gate-dspark-read gate-fixture gate-glm5next-meta gate-gpu-ds41-callstream gate-gpu-ds41-residency-a gate-gpu-ds41-chain-attn gate-gpu-ds41-chain-ffn gate-gpu-ds41-chain-glue gate-gpu-ds41-chat gate-gpu-ds41-comp gate-gpu-ds41-draft gate-gpu-ds41-dspark-loop gate-gpu-ds41-engram gate-gpu-ds41-index gate-gpu-ds41-lib gate-gpu-ds41-long gate-gpu-ds41-prefill gate-gpu-ds41-step gate-gpu-ds41-tier gate-gpu-ds41-twocard gate-gpu-ds41-unpack gate-gpu-dspark-experts gate-gpu-dspark-graph gate-gpu-dspark-hc gate-gpu-dspark-kv gate-gpu-e2e gate-gpu-gates-lib gate-gpu-gemm gate-gpu-glm-sel gate-gpu-glm5next-e2e gate-gpu-glm5next-stagger gate-gpu-glm5next-mtp gate-gpu-glm5next-twocard gate-gpu-lib gate-gpu-mcol gate-gpu-qwen35moe-e2e gate-gpu-qwen35moe-moe gate-gpu-qwen3moe-e2e gate-gpu-qwen3moe-experts gate-gpu-qwen3moe-head gate-gpu-qwen3moe-router gate-gpu-qwen4exp-e2e gate-gpu-qwen4exp-mtp gate-ops gate-placement gate-qwen35moe-meta gate-qwen3moe-meta gate-qwen4exp-meta gate-union	the placement planner, which bloomery-model re-exports as model::placement: every gate that plans a placement, reads a plan's figures or checks the r8 sidecar's refusal type

# Clef's suite, which gate_clef_serve posts from the tree at run time.
tools/ref/clef/suite.jsonl	gate-gpu-clef-serve	the first request gate_clef_serve posts to the decide seat
